CID,feature,,,,,,,,,,,,,,,,,,,,,,,,,,,,,,,,,,,,,,,,,,,,,,,,,,,,,,,,,,,,,,,,,,,,,,,,,,,,,,,,,,,,,,,,,,,,,,,,,,,,,,,,,,,,,,,,,,,,,,,,,,,,,,,
15,0,0,0,21.74057198,0,0,0,0,0,0,12.29362011,0,0,0,0,0,0,0,0,0,0,0,0,0,0,9.247678757,0,0,0,0,0,9.937864304,12.12711716,0,0,0,0,0,0,0,0,0,0,0,0,0,0,0,0,0,0,0,0,0,0,0,0,0,0,0,0,0,12.9021368,0,0,0,0,0,0,0,0,0,0,20.06544113,0,0,0,0,0,0,0,0,0,0,0,0,0,0,0,0,0,0,0,21.62648582,0,0,0,0,0,0,0,0,14.96010494,0,21.67790604,0,0,0,0,0,0,0,0,0,0,0,0,0,0,0,0,0,0,0,0,0,0,0
241,0,0,0,21.6625843,0,0,0,0,0,0,12.28124619,0,0,0,0,0,0,0,0,0,0,0,0,0,0,9.261434555,0,0,0,0,0,9.892352104,11.9891758,0,0,0,0,0,0,0,0,0,0,0,0,0,0,0,0,0,0,0,0,0,0,0,0,0,0,0,0,0,12.79823208,0,0,0,0,0,0,0,0,0,0,19.75177956,0,0,0,0,0,0,0,0,0,0,0,0,0,0,0,0,0,0,0,21.51019859,0,0,0,0,0,0,0,0,14.84490967,0,21.37256241,0,0,0,0,0,0,0,0,0,0,0,0,0,0,0,0,0,0,0,0,0,0,0
544,0,0,0,21.85147476,0,0,0,0,0,0,12.45505238,0,0,0,0,0,0,0,0,0,0,0,0,0,0,9.305814743,0,0,0,0,0,9.963253975,12.1431427,0,0,0,0,0,0,0,0,0,0,0,0,0,0,0,0,0,0,0,0,0,0,0,0,0,0,0,0,0,12.84558773,0,0,0,0,0,0,0,0,0,0,19.9790287,0,0,0,0,0,0,0,0,0,0,0,0,0,0,0,0,0,0,0,21.79066277,0,0,0,0,0,0,0,0,14.94949341,0,21.60383224,0,0,0,0,0,0,0,0,0,0,0,0,0,0,0,0,0,0,0,0,0,0,0
702,0,0,0,21.46605682,0,0,0,0,0,0,12.130826,0,0,0,0,0,0,0,0,0,0,0,0,0,0,9.194822311,0,0,0,0,0,9.802822113,11.917696,0,0,0,0,0,0,0,0,0,0,0,0,0,0,0,0,0,0,0,0,0,0,0,0,0,0,0,0,0,12.74152851,0,0,0,0,0,0,0,0,0,0,19.58281136,0,0,0,0,0,0,0,0,0,0,0,0,0,0,0,0,0,0,0,21.33185387,0,0,0,0,0,0,0,0,14.69019794,0,21.25841522,0,0,0,0,0,0,0,0,0,0,0,0,0,0,0,0,0,0,0,0,0,0,0
712,0,0,0,21.4647274,0,0,0,0,0,0,12.12822247,0,0,0,0,0,0,0,0,0,0,0,0,0,0,9.193505287,0,0,0,0,0,9.801112175,11.91534233,0,0,0,0,0,0,0,0,0,0,0,0,0,0,0,0,0,0,0,0,0,0,0,0,0,0,0,0,0,12.74013996,0,0,0,0,0,0,0,0,0,0,19.5812397,0,0,0,0,0,0,0,0,0,0,0,0,0,0,0,0,0,0,0,21.32863235,0,0,0,0,0,0,0,0,14.6906662,0,21.25587082,0,0,0,0,0,0,0,0,0,0,0,0,0,0,0,0,0,0,0,0,0,0,0
784,0,0,0,21.41433525,0,0,0,0,0,0,12.08316994,0,0,0,0,0,0,0,0,0,0,0,0,0,0,9.16162014,0,0,0,0,0,9.771708488,11.87365341,0,0,0,0,0,0,0,0,0,0,0,0,0,0,0,0,0,0,0,0,0,0,0,0,0,0,0,0,0,12.72874737,0,0,0,0,0,0,0,0,0,0,19.53665161,0,0,0,0,0,0,0,0,0,0,0,0,0,0,0,0,0,0,0,21.31812859,0,0,0,0,0,0,0,0,14.68879318,0,21.19709778,0,0,0,0,0,0,0,0,0,0,0,0,0,0,0,0,0,0,0,0,0,0,0
985,0,0,0,21.59358597,0,0,0,0,0,0,12.15617371,0,0,0,0,0,0,0,0,0,0,0,0,0,0,9.164875031,0,0,0,0,0,9.859205246,11.96871185,0,0,0,0,0,0,0,0,0,0,0,0,0,0,0,0,0,0,0,0,0,0,0,0,0,0,0,0,0,12.71418667,0,0,0,0,0,0,0,0,0,0,19.74809265,0,0,0,0,0,0,0,0,0,0,0,0,0,0,0,0,0,0,0,21.43441772,0,0,0,0,0,0,0,0,14.82599449,0,21.36050415,0,0,0,0,0,0,0,0,0,0,0,0,0,0,0,0,0,0,0,0,0,0,0
1175,0,0,0,22.29735565,0,0,0,0,0,0,12.59017754,0,0,0,0,0,0,0,0,0,0,0,0,0,0,9.479036331,0,0,0,0,0,10.22590446,12.24005127,0,0,0,0,0,0,0,0,0,0,0,0,0,0,0,0,0,0,0,0,0,0,0,0,0,0,0,0,0,13.05395031,0,0,0,0,0,0,0,0,0,0,20.48930359,0,0,0,0,0,0,0,0,0,0,0,0,0,0,0,0,0,0,0,22.09046364,0,0,0,0,0,0,0,0,15.17773056,0,22.11623383,0,0,0,0,0,0,0,0,0,0,0,0,0,0,0,0,0,0,0,0,0,0,0
1207,0,0,0,21.83914757,0,0,0,0,0,0,12.37240124,0,0,0,0,0,0,0,0,0,0,0,0,0,0,9.379698753,0,0,0,0,0,10.00991821,12.18985939,0,0,0,0,0,0,0,0,0,0,0,0,0,0,0,0,0,0,0,0,0,0,0,0,0,0,0,0,0,12.87114811,0,0,0,0,0,0,0,0,0,0,20.10716438,0,0,0,0,0,0,0,0,0,0,0,0,0,0,0,0,0,0,0,21.73843575,0,0,0,0,0,0,0,0,14.99266624,0,21.6763649,0,0,0,0,0,0,0,0,0,0,0,0,0,0,0,0,0,0,0,0,0,0,0
1674,0,0,0,21.97161293,0,0,0,0,0,0,12.3949585,0,0,0,0,0,0,0,0,0,0,0,0,0,0,9.409256935,0,0,0,0,0,10.0642643,12.18450546,0,0,0,0,0,0,0,0,0,0,0,0,0,0,0,0,0,0,0,0,0,0,0,0,0,0,0,0,0,12.92320728,0,0,0,0,0,0,0,0,0,0,20.23264313,0,0,0,0,0,0,0,0,0,0,0,0,0,0,0,0,0,0,0,21.86840248,0,0,0,0,0,0,0,0,15.07509232,0,21.81655121,0,0,0,0,0,0,0,0,0,0,0,0,0,0,0,0,0,0,0,0,0,0,0
1832,0,0,0,21.97496223,0,0,0,0,0,0,12.41558838,0,0,0,0,0,0,0,0,0,0,0,0,0,0,9.371076584,0,0,0,0,0,10.06724453,12.17744255,0,0,0,0,0,0,0,0,0,0,0,0,0,0,0,0,0,0,0,0,0,0,0,0,0,0,0,0,0,12.8280344,0,0,0,0,0,0,0,0,0,0,20.12441254,0,0,0,0,0,0,0,0,0,0,0,0,0,0,0,0,0,0,0,21.83963966,0,0,0,0,0,0,0,0,15.01659775,0,21.72521973,0,0,0,0,0,0,0,0,0,0,0,0,0,0,0,0,0,0,0,0,0,0,0
1983,0,0,0,21.79814529,0,0,0,0,0,0,12.37323761,0,0,0,0,0,0,0,0,0,0,0,0,0,0,9.314985275,0,0,0,0,0,9.937949181,12.09551239,0,0,0,0,0,0,0,0,0,0,0,0,0,0,0,0,0,0,0,0,0,0,0,0,0,0,0,0,0,12.82562351,0,0,0,0,0,0,0,0,0,0,19.9446907,0,0,0,0,0,0,0,0,0,0,0,0,0,0,0,0,0,0,0,21.64663124,0,0,0,0,0,0,0,0,14.95576668,0,21.50683212,0,0,0,0,0,0,0,0,0,0,0,0,0,0,0,0,0,0,0,0,0,0,0
2236,0,0,0,22.2473278,0,0,0,0,0,0,12.56453896,0,0,0,0,0,0,0,0,0,0,0,0,0,0,9.434638023,0,0,0,0,0,10.21357727,12.3249836,0,0,0,0,0,0,0,0,0,0,0,0,0,0,0,0,0,0,0,0,0,0,0,0,0,0,0,0,0,13.21428394,0,0,0,0,0,0,0,0,0,0,20.49581337,0,0,0,0,0,0,0,0,0,0,0,0,0,0,0,0,0,0,0,22.14497375,0,0,0,0,0,0,0,0,15.1685133,0,22.223629,0,0,0,0,0,0,0,0,0,0,0,0,0,0,0,0,0,0,0,0,0,0,0
2336,0,0,0,21.95999527,0,0,0,0,0,0,12.40823555,0,0,0,0,0,0,0,0,0,0,0,0,0,0,9.406000137,0,0,0,0,0,10.06516933,12.18220711,0,0,0,0,0,0,0,0,0,0,0,0,0,0,0,0,0,0,0,0,0,0,0,0,0,0,0,0,0,12.93054485,0,0,0,0,0,0,0,0,0,0,20.224823,0,0,0,0,0,0,0,0,0,0,0,0,0,0,0,0,0,0,0,21.86117172,0,0,0,0,0,0,0,0,15.07439041,0,21.7964859,0,0,0,0,0,0,0,0,0,0,0,0,0,0,0,0,0,0,0,0,0,0,0
2375,0,0,0,22.28639793,0,0,0,0,0,0,12.66601467,0,0,0,0,0,0,0,0,0,0,0,0,0,0,9.577993393,0,0,0,0,0,10.28318214,12.44369888,0,0,0,0,0,0,0,0,0,0,0,0,0,0,0,0,0,0,0,0,0,0,0,0,0,0,0,0,0,13.38568401,0,0,0,0,0,0,0,0,0,0,20.73355103,0,0,0,0,0,0,0,0,0,0,0,0,0,0,0,0,0,0,0,22.25266457,0,0,0,0,0,0,0,0,15.14042282,0,22.41637039,0,0,0,0,0,0,0,0,0,0,0,0,0,0,0,0,0,0,0,0,0,0,0
2578,0,0,0,21.75815582,0,0,0,0,0,0,12.36747742,0,0,0,0,0,0,0,0,0,0,0,0,0,0,9.289775848,0,0,0,0,0,9.961902618,12.13998795,0,0,0,0,0,0,0,0,0,0,0,0,0,0,0,0,0,0,0,0,0,0,0,0,0,0,0,0,0,12.82678318,0,0,0,0,0,0,0,0,0,0,20.01160812,0,0,0,0,0,0,0,0,0,0,0,0,0,0,0,0,0,0,0,21.645895,0,0,0,0,0,0,0,0,14.96289063,0,21.55891037,0,0,0,0,0,0,0,0,0,0,0,0,0,0,0,0,0,0,0,0,0,0,0
2662,0,0,0,22.14645767,0,0,0,0,0,0,12.49587345,0,0,0,0,0,0,0,0,0,0,0,0,0,0,9.436980247,0,0,0,0,0,10.23323631,12.2433548,0,0,0,0,0,0,0,0,0,0,0,0,0,0,0,0,0,0,0,0,0,0,0,0,0,0,0,0,0,13.21733761,0,0,0,0,0,0,0,0,0,0,20.50120735,0,0,0,0,0,0,0,0,0,0,0,0,0,0,0,0,0,0,0,22.12419701,0,0,0,0,0,0,0,0,15.18652534,0,22.14835739,0,0,0,0,0,0,0,0,0,0,0,0,0,0,0,0,0,0,0,0,0,0,0
2907,0,0,0,21.79673195,0,0,0,0,0,0,12.37101173,0,0,0,0,0,0,0,0,0,0,0,0,0,0,9.285004616,0,0,0,0,0,9.958826065,12.1466198,0,0,0,0,0,0,0,0,0,0,0,0,0,0,0,0,0,0,0,0,0,0,0,0,0,0,0,0,0,12.85906124,0,0,0,0,0,0,0,0,0,0,20.06197548,0,0,0,0,0,0,0,0,0,0,0,0,0,0,0,0,0,0,0,21.67283249,0,0,0,0,0,0,0,0,14.9894743,0,21.60961914,0,0,0,0,0,0,0,0,0,0,0,0,0,0,0,0,0,0,0,0,0,0,0
2995,0,0,0,21.84729767,0,0,0,0,0,0,12.40036678,0,0,0,0,0,0,0,0,0,0,0,0,0,0,9.373104095,0,0,0,0,0,10.01883984,12.18630028,0,0,0,0,0,0,0,0,0,0,0,0,0,0,0,0,0,0,0,0,0,0,0,0,0,0,0,0,0,12.86663723,0,0,0,0,0,0,0,0,0,0,20.08987045,0,0,0,0,0,0,0,0,0,0,0,0,0,0,0,0,0,0,0,21.70762444,0,0,0,0,0,0,0,0,14.98737049,0,21.65063477,0,0,0,0,0,0,0,0,0,0,0,0,0,0,0,0,0,0,0,0,0,0,0
3007,0,0,0,21.71213913,0,0,0,0,0,0,12.31049919,0,0,0,0,0,0,0,0,0,0,0,0,0,0,9.304721832,0,0,0,0,0,9.917297363,12.06606865,0,0,0,0,0,0,0,0,0,0,0,0,0,0,0,0,0,0,0,0,0,0,0,0,0,0,0,0,0,12.81471539,0,0,0,0,0,0,0,0,0,0,19.88387299,0,0,0,0,0,0,0,0,0,0,0,0,0,0,0,0,0,0,0,21.54284477,0,0,0,0,0,0,0,0,14.908391,0,21.43942261,0,0,0,0,0,0,0,0,0,0,0,0,0,0,0,0,0,0,0,0,0,0,0
3019,0,0,0,21.91985321,0,0,0,0,0,0,12.43165112,0,0,0,0,0,0,0,0,0,0,0,0,0,0,9.400159836,0,0,0,0,0,10.02181149,12.20353317,0,0,0,0,0,0,0,0,0,0,0,0,0,0,0,0,0,0,0,0,0,0,0,0,0,0,0,0,0,12.90803623,0,0,0,0,0,0,0,0,0,0,20.17515945,0,0,0,0,0,0,0,0,0,0,0,0,0,0,0,0,0,0,0,21.78507233,0,0,0,0,0,0,0,0,15.02515507,0,21.73545456,0,0,0,0,0,0,0,0,0,0,0,0,0,0,0,0,0,0,0,0,0,0,0
3071,0,0,0,22.22438431,0,0,0,0,0,0,12.51480675,0,0,0,0,0,0,0,0,0,0,0,0,0,0,9.473357201,0,0,0,0,0,10.22988319,12.20539474,0,0,0,0,0,0,0,0,0,0,0,0,0,0,0,0,0,0,0,0,0,0,0,0,0,0,0,0,0,13.01702785,0,0,0,0,0,0,0,0,0,0,20.48532295,0,0,0,0,0,0,0,0,0,0,0,0,0,0,0,0,0,0,0,22.06592369,0,0,0,0,0,0,0,0,15.19909,0,22.06855011,0,0,0,0,0,0,0,0,0,0,0,0,0,0,0,0,0,0,0,0,0,0,0
3117,0,0,0,21.81827354,0,0,0,0,0,0,12.43212318,0,0,0,0,0,0,0,0,0,0,0,0,0,0,9.308302879,0,0,0,0,0,9.98216629,12.21575165,0,0,0,0,0,0,0,0,0,0,0,0,0,0,0,0,0,0,0,0,0,0,0,0,0,0,0,0,0,12.87779713,0,0,0,0,0,0,0,0,0,0,20.10374832,0,0,0,0,0,0,0,0,0,0,0,0,0,0,0,0,0,0,0,21.72690582,0,0,0,0,0,0,0,0,14.97211361,0,21.69878387,0,0,0,0,0,0,0,0,0,0,0,0,0,0,0,0,0,0,0,0,0,0,0
3121,0,0,0,21.67126656,0,0,0,0,0,0,12.33069801,0,0,0,0,0,0,0,0,0,0,0,0,0,0,9.247405052,0,0,0,0,0,9.925164223,12.08588219,0,0,0,0,0,0,0,0,0,0,0,0,0,0,0,0,0,0,0,0,0,0,0,0,0,0,0,0,0,12.80992222,0,0,0,0,0,0,0,0,0,0,19.8918438,0,0,0,0,0,0,0,0,0,0,0,0,0,0,0,0,0,0,0,21.55014229,0,0,0,0,0,0,0,0,14.88934708,0,21.49248505,0,0,0,0,0,0,0,0,0,0,0,0,0,0,0,0,0,0,0,0,0,0,0
3220,0,0,0,22.06278038,0,0,0,0,0,0,12.47276592,0,0,0,0,0,0,0,0,0,0,0,0,0,0,9.436364174,0,0,0,0,0,10.14391327,12.20311928,0,0,0,0,0,0,0,0,0,0,0,0,0,0,0,0,0,0,0,0,0,0,0,0,0,0,0,0,0,13.05950832,0,0,0,0,0,0,0,0,0,0,20.38018227,0,0,0,0,0,0,0,0,0,0,0,0,0,0,0,0,0,0,0,21.98948097,0,0,0,0,0,0,0,0,15.17672825,0,21.95788574,0,0,0,0,0,0,0,0,0,0,0,0,0,0,0,0,0,0,0,0,0,0,0
3229,0,0,0,22.15295982,0,0,0,0,0,0,12.51545143,0,0,0,0,0,0,0,0,0,0,0,0,0,0,9.403565407,0,0,0,0,0,10.17138863,12.29332542,0,0,0,0,0,0,0,0,0,0,0,0,0,0,0,0,0,0,0,0,0,0,0,0,0,0,0,0,0,13.09743786,0,0,0,0,0,0,0,0,0,0,20.48877144,0,0,0,0,0,0,0,0,0,0,0,0,0,0,0,0,0,0,0,22.08316231,0,0,0,0,0,0,0,0,15.18272972,0,22.12471771,0,0,0,0,0,0,0,0,0,0,0,0,0,0,0,0,0,0,0,0,0,0,0
3345,0,0,0,21.94960594,0,0,0,0,0,0,12.42524147,0,0,0,0,0,0,0,0,0,0,0,0,0,0,9.429470062,0,0,0,0,0,10.07225323,12.21380424,0,0,0,0,0,0,0,0,0,0,0,0,0,0,0,0,0,0,0,0,0,0,0,0,0,0,0,0,0,13.01463604,0,0,0,0,0,0,0,0,0,0,20.30673409,0,0,0,0,0,0,0,0,0,0,0,0,0,0,0,0,0,0,0,21.90871239,0,0,0,0,0,0,0,0,15.07882214,0,21.87798691,0,0,0,0,0,0,0,0,0,0,0,0,0,0,0,0,0,0,0,0,0,0,0
3385,0,0,0,22.0155983,0,0,0,0,0,0,12.47005558,0,0,0,0,0,0,0,0,0,0,0,0,0,0,9.380340576,0,0,0,0,0,10.04242706,12.20749283,0,0,0,0,0,0,0,0,0,0,0,0,0,0,0,0,0,0,0,0,0,0,0,0,0,0,0,0,0,12.84444904,0,0,0,0,0,0,0,0,0,0,20.11531639,0,0,0,0,0,0,0,0,0,0,0,0,0,0,0,0,0,0,0,21.81537819,0,0,0,0,0,0,0,0,15.00245571,0,21.70467377,0,0,0,0,0,0,0,0,0,0,0,0,0,0,0,0,0,0,0,0,0,0,0
3386,0,0,0,21.9108963,0,0,0,0,0,0,12.42627335,0,0,0,0,0,0,0,0,0,0,0,0,0,0,9.435523033,0,0,0,0,0,10.07125759,12.21960258,0,0,0,0,0,0,0,0,0,0,0,0,0,0,0,0,0,0,0,0,0,0,0,0,0,0,0,0,0,12.93387508,0,0,0,0,0,0,0,0,0,0,20.22376251,0,0,0,0,0,0,0,0,0,0,0,0,0,0,0,0,0,0,0,21.83314323,0,0,0,0,0,0,0,0,15.02258301,0,21.83145523,0,0,0,0,0,0,0,0,0,0,0,0,0,0,0,0,0,0,0,0,0,0,0
3496,0,0,0,21.79212952,0,0,0,0,0,0,12.48868656,0,0,0,0,0,0,0,0,0,0,0,0,0,0,9.321637154,0,0,0,0,0,10.02024841,12.23745155,0,0,0,0,0,0,0,0,0,0,0,0,0,0,0,0,0,0,0,0,0,0,0,0,0,0,0,0,0,12.87434483,0,0,0,0,0,0,0,0,0,0,20.057724,0,0,0,0,0,0,0,0,0,0,0,0,0,0,0,0,0,0,0,21.67701149,0,0,0,0,0,0,0,0,14.90772533,0,21.69072723,0,0,0,0,0,0,0,0,0,0,0,0,0,0,0,0,0,0,0,0,0,0,0
3652,0,0,0,21.92529488,0,0,0,0,0,0,12.42561054,0,0,0,0,0,0,0,0,0,0,0,0,0,0,9.460050583,0,0,0,0,0,10.0878849,12.26145554,0,0,0,0,0,0,0,0,0,0,0,0,0,0,0,0,0,0,0,0,0,0,0,0,0,0,0,0,0,12.97560596,0,0,0,0,0,0,0,0,0,0,20.36260605,0,0,0,0,0,0,0,0,0,0,0,0,0,0,0,0,0,0,0,21.85853386,0,0,0,0,0,0,0,0,15.0706234,0,21.90522003,0,0,0,0,0,0,0,0,0,0,0,0,0,0,0,0,0,0,0,0,0,0,0
3779,0,0,0,21.91035652,0,0,0,0,0,0,12.44861126,0,0,0,0,0,0,0,0,0,0,0,0,0,0,9.385288239,0,0,0,0,0,10.00744724,12.19461632,0,0,0,0,0,0,0,0,0,0,0,0,0,0,0,0,0,0,0,0,0,0,0,0,0,0,0,0,0,12.88300419,0,0,0,0,0,0,0,0,0,0,20.13066483,0,0,0,0,0,0,0,0,0,0,0,0,0,0,0,0,0,0,0,21.75089455,0,0,0,0,0,0,0,0,15.01705647,0,21.69166565,0,0,0,0,0,0,0,0,0,0,0,0,0,0,0,0,0,0,0,0,0,0,0
3902,0,0,0,21.99231148,0,0,0,0,0,0,12.39383221,0,0,0,0,0,0,0,0,0,0,0,0,0,0,9.424510956,0,0,0,0,0,10.09797764,12.15949059,0,0,0,0,0,0,0,0,0,0,0,0,0,0,0,0,0,0,0,0,0,0,0,0,0,0,0,0,0,12.97643185,0,0,0,0,0,0,0,0,0,0,20.33104706,0,0,0,0,0,0,0,0,0,0,0,0,0,0,0,0,0,0,0,21.93393898,0,0,0,0,0,0,0,0,15.13906574,0,21.9107933,0,0,0,0,0,0,0,0,0,0,0,0,0,0,0,0,0,0,0,0,0,0,0
4091,0,0,0,21.79816246,0,0,0,0,0,0,12.44435024,0,0,0,0,0,0,0,0,0,0,0,0,0,0,9.273421288,0,0,0,0,0,10.00831604,12.18757057,0,0,0,0,0,0,0,0,0,0,0,0,0,0,0,0,0,0,0,0,0,0,0,0,0,0,0,0,0,12.82542706,0,0,0,0,0,0,0,0,0,0,20.02828598,0,0,0,0,0,0,0,0,0,0,0,0,0,0,0,0,0,0,0,21.65855217,0,0,0,0,0,0,0,0,14.92509365,0,21.65087891,0,0,0,0,0,0,0,0,0,0,0,0,0,0,0,0,0,0,0,0,0,0,0
4095,0,0,0,21.93080711,0,0,0,0,0,0,12.43800735,0,0,0,0,0,0,0,0,0,0,0,0,0,0,9.415999413,0,0,0,0,0,10.09257221,12.2659626,0,0,0,0,0,0,0,0,0,0,0,0,0,0,0,0,0,0,0,0,0,0,0,0,0,0,0,0,0,13.03415394,0,0,0,0,0,0,0,0,0,0,20.38754845,0,0,0,0,0,0,0,0,0,0,0,0,0,0,0,0,0,0,0,21.87975502,0,0,0,0,0,0,0,0,15.07173061,0,21.97430801,0,0,0,0,0,0,0,0,0,0,0,0,0,0,0,0,0,0,0,0,0,0,0
4158,0,0,0,21.84708786,0,0,0,0,0,0,12.44121075,0,0,0,0,0,0,0,0,0,0,0,0,0,0,9.360301018,0,0,0,0,0,9.990379333,12.20404816,0,0,0,0,0,0,0,0,0,0,0,0,0,0,0,0,0,0,0,0,0,0,0,0,0,0,0,0,0,12.90341473,0,0,0,0,0,0,0,0,0,0,20.10543251,0,0,0,0,0,0,0,0,0,0,0,0,0,0,0,0,0,0,0,21.68298531,0,0,0,0,0,0,0,0,14.99036407,0,21.66552353,0,0,0,0,0,0,0,0,0,0,0,0,0,0,0,0,0,0,0,0,0,0,0
4212,0,0,0,22.2679863,0,0,0,0,0,0,12.59700394,0,0,0,0,0,0,0,0,0,0,0,0,0,0,9.485045433,0,0,0,0,0,10.27187729,12.34933853,0,0,0,0,0,0,0,0,0,0,0,0,0,0,0,0,0,0,0,0,0,0,0,0,0,0,0,0,0,13.30922031,0,0,0,0,0,0,0,0,0,0,20.59036446,0,0,0,0,0,0,0,0,0,0,0,0,0,0,0,0,0,0,0,22.15748405,0,0,0,0,0,0,0,0,15.19978333,0,22.26720047,0,0,0,0,0,0,0,0,0,0,0,0,0,0,0,0,0,0,0,0,0,0,0
4624,0,0,0,21.84557724,0,0,0,0,0,0,12.38532925,0,0,0,0,0,0,0,0,0,0,0,0,0,0,9.314969063,0,0,0,0,0,9.965097427,12.09678459,0,0,0,0,0,0,0,0,0,0,0,0,0,0,0,0,0,0,0,0,0,0,0,0,0,0,0,0,0,12.80639935,0,0,0,0,0,0,0,0,0,0,19.94318962,0,0,0,0,0,0,0,0,0,0,0,0,0,0,0,0,0,0,0,21.67605019,0,0,0,0,0,0,0,0,14.95511436,0,21.51869202,0,0,0,0,0,0,0,0,0,0,0,0,0,0,0,0,0,0,0,0,0,0,0
4829,0,0,0,22.09942245,0,0,0,0,0,0,12.46063614,0,0,0,0,0,0,0,0,0,0,0,0,0,0,9.383921623,0,0,0,0,0,10.1581316,12.26621056,0,0,0,0,0,0,0,0,0,0,0,0,0,0,0,0,0,0,0,0,0,0,0,0,0,0,0,0,0,13.03156567,0,0,0,0,0,0,0,0,0,0,20.40593338,0,0,0,0,0,0,0,0,0,0,0,0,0,0,0,0,0,0,0,22.04183006,0,0,0,0,0,0,0,0,15.13844681,0,22.06810379,0,0,0,0,0,0,0,0,0,0,0,0,0,0,0,0,0,0,0,0,0,0,0
4891,0,0,0,21.89001083,0,0,0,0,0,0,12.39029598,0,0,0,0,0,0,0,0,0,0,0,0,0,0,9.380459785,0,0,0,0,0,10.05547905,12.23731422,0,0,0,0,0,0,0,0,0,0,0,0,0,0,0,0,0,0,0,0,0,0,0,0,0,0,0,0,0,12.96858883,0,0,0,0,0,0,0,0,0,0,20.26072121,0,0,0,0,0,0,0,0,0,0,0,0,0,0,0,0,0,0,0,21.83242226,0,0,0,0,0,0,0,0,14.97897911,0,21.91150665,0,0,0,0,0,0,0,0,0,0,0,0,0,0,0,0,0,0,0,0,0,0,0
4946,0,0,0,21.90690613,0,0,0,0,0,0,12.44324493,0,0,0,0,0,0,0,0,0,0,0,0,0,0,9.391515732,0,0,0,0,0,10.0371418,12.20772552,0,0,0,0,0,0,0,0,0,0,0,0,0,0,0,0,0,0,0,0,0,0,0,0,0,0,0,0,0,12.90997219,0,0,0,0,0,0,0,0,0,0,20.16426659,0,0,0,0,0,0,0,0,0,0,0,0,0,0,0,0,0,0,0,21.76164627,0,0,0,0,0,0,0,0,14.98091221,0,21.76375961,0,0,0,0,0,0,0,0,0,0,0,0,0,0,0,0,0,0,0,0,0,0,0
5073,0,0,0,22.23290443,0,0,0,0,0,0,12.54098225,0,0,0,0,0,0,0,0,0,0,0,0,0,0,9.556018829,0,0,0,0,0,10.29090881,12.29121208,0,0,0,0,0,0,0,0,0,0,0,0,0,0,0,0,0,0,0,0,0,0,0,0,0,0,0,0,0,13.1215353,0,0,0,0,0,0,0,0,0,0,20.52292252,0,0,0,0,0,0,0,0,0,0,0,0,0,0,0,0,0,0,0,22.18463707,0,0,0,0,0,0,0,0,15.15943146,0,22.12725449,0,0,0,0,0,0,0,0,0,0,0,0,0,0,0,0,0,0,0,0,0,0,0
5206,0,0,0,21.64023018,0,0,0,0,0,0,12.31969738,0,0,0,0,0,0,0,0,0,0,0,0,0,0,9.269136429,0,0,0,0,0,9.919876099,12.13264465,0,0,0,0,0,0,0,0,0,0,0,0,0,0,0,0,0,0,0,0,0,0,0,0,0,0,0,0,0,12.83935261,0,0,0,0,0,0,0,0,0,0,19.96567917,0,0,0,0,0,0,0,0,0,0,0,0,0,0,0,0,0,0,0,21.55249977,0,0,0,0,0,0,0,0,14.92276287,0,21.53752518,0,0,0,0,0,0,0,0,0,0,0,0,0,0,0,0,0,0,0,0,0,0,0
5311,0,0,0,21.80271149,0,0,0,0,0,0,12.35230064,0,0,0,0,0,0,0,0,0,0,0,0,0,0,9.301200867,0,0,0,0,0,9.970841408,12.13233948,0,0,0,0,0,0,0,0,0,0,0,0,0,0,0,0,0,0,0,0,0,0,0,0,0,0,0,0,0,12.88252735,0,0,0,0,0,0,0,0,0,0,20.08201599,0,0,0,0,0,0,0,0,0,0,0,0,0,0,0,0,0,0,0,21.65743446,0,0,0,0,0,0,0,0,14.98726559,0,21.63204193,0,0,0,0,0,0,0,0,0,0,0,0,0,0,0,0,0,0,0,0,0,0,0
5394,0,0,0,22.03832436,0,0,0,0,0,0,12.51458645,0,0,0,0,0,0,0,0,0,0,0,0,0,0,9.416945457,0,0,0,0,0,10.091712,12.23591614,0,0,0,0,0,0,0,0,0,0,0,0,0,0,0,0,0,0,0,0,0,0,0,0,0,0,0,0,0,12.88003635,0,0,0,0,0,0,0,0,0,0,20.1763382,0,0,0,0,0,0,0,0,0,0,0,0,0,0,0,0,0,0,0,21.87416267,0,0,0,0,0,0,0,0,15.06807613,0,21.73785782,0,0,0,0,0,0,0,0,0,0,0,0,0,0,0,0,0,0,0,0,0,0,0
5641,0,0,0,21.62911034,0,0,0,0,0,0,12.34074783,0,0,0,0,0,0,0,0,0,0,0,0,0,0,9.284929276,0,0,0,0,0,9.896348953,12.07073593,0,0,0,0,0,0,0,0,0,0,0,0,0,0,0,0,0,0,0,0,0,0,0,0,0,0,0,0,0,12.85973454,0,0,0,0,0,0,0,0,0,0,19.83020973,0,0,0,0,0,0,0,0,0,0,0,0,0,0,0,0,0,0,0,21.50589943,0,0,0,0,0,0,0,0,14.80765247,0,21.47790146,0,0,0,0,0,0,0,0,0,0,0,0,0,0,0,0,0,0,0,0,0,0,0
5743,0,0,0,22.82977867,0,0,0,0,0,0,12.85523796,0,0,0,0,0,0,0,0,0,0,0,0,0,0,9.637651443,0,0,0,0,0,10.37994194,12.61168098,0,0,0,0,0,0,0,0,0,0,0,0,0,0,0,0,0,0,0,0,0,0,0,0,0,0,0,0,0,13.61070347,0,0,0,0,0,0,0,0,0,0,20.91620255,0,0,0,0,0,0,0,0,0,0,0,0,0,0,0,0,0,0,0,22.6252346,0,0,0,0,0,0,0,0,15.46483994,0,22.69890976,0,0,0,0,0,0,0,0,0,0,0,0,0,0,0,0,0,0,0,0,0,0,0
5757,0,0,0,22.12382889,0,0,0,0,0,0,12.58188725,0,0,0,0,0,0,0,0,0,0,0,0,0,0,9.465074539,0,0,0,0,0,10.22630882,12.36322021,0,0,0,0,0,0,0,0,0,0,0,0,0,0,0,0,0,0,0,0,0,0,0,0,0,0,0,0,0,13.25148678,0,0,0,0,0,0,0,0,0,0,20.44331741,0,0,0,0,0,0,0,0,0,0,0,0,0,0,0,0,0,0,0,21.99176979,0,0,0,0,0,0,0,0,15.06588745,0,22.15155792,0,0,0,0,0,0,0,0,0,0,0,0,0,0,0,0,0,0,0,0,0,0,0
5790,0,0,0,22.33048058,0,0,0,0,0,0,12.67978668,0,0,0,0,0,0,0,0,0,0,0,0,0,0,9.460238457,0,0,0,0,0,10.28918648,12.39419365,0,0,0,0,0,0,0,0,0,0,0,0,0,0,0,0,0,0,0,0,0,0,0,0,0,0,0,0,0,13.2611227,0,0,0,0,0,0,0,0,0,0,20.53625107,0,0,0,0,0,0,0,0,0,0,0,0,0,0,0,0,0,0,0,22.21053505,0,0,0,0,0,0,0,0,15.12824154,0,22.28982925,0,0,0,0,0,0,0,0,0,0,0,0,0,0,0,0,0,0,0,0,0,0,0
5793,0,0,0,22.12760162,0,0,0,0,0,0,12.62317085,0,0,0,0,0,0,0,0,0,0,0,0,0,0,9.371228218,0,0,0,0,0,10.2006197,12.36195183,0,0,0,0,0,0,0,0,0,0,0,0,0,0,0,0,0,0,0,0,0,0,0,0,0,0,0,0,0,13.12624073,0,0,0,0,0,0,0,0,0,0,20.40863991,0,0,0,0,0,0,0,0,0,0,0,0,0,0,0,0,0,0,0,21.96340752,0,0,0,0,0,0,0,0,15.0191431,0,22.16676331,0,0,0,0,0,0,0,0,0,0,0,0,0,0,0,0,0,0,0,0,0,0,0
5816,0,0,0,21.91858673,0,0,0,0,0,0,12.46040916,0,0,0,0,0,0,0,0,0,0,0,0,0,0,9.406236649,0,0,0,0,0,10.03351498,12.23100853,0,0,0,0,0,0,0,0,0,0,0,0,0,0,0,0,0,0,0,0,0,0,0,0,0,0,0,0,0,12.86649799,0,0,0,0,0,0,0,0,0,0,20.10001183,0,0,0,0,0,0,0,0,0,0,0,0,0,0,0,0,0,0,0,21.77288628,0,0,0,0,0,0,0,0,14.95665073,0,21.71699524,0,0,0,0,0,0,0,0,0,0,0,0,0,0,0,0,0,0,0,0,0,0,0
5865,0,0,0,22.45515442,0,0,0,0,0,0,12.73434448,0,0,0,0,0,0,0,0,0,0,0,0,0,0,9.53038311,0,0,0,0,0,10.25808811,12.51823616,0,0,0,0,0,0,0,0,0,0,0,0,0,0,0,0,0,0,0,0,0,0,0,0,0,0,0,0,0,13.54617596,0,0,0,0,0,0,0,0,0,0,20.76601028,0,0,0,0,0,0,0,0,0,0,0,0,0,0,0,0,0,0,0,22.36105537,0,0,0,0,0,0,0,0,15.3270359,0,22.41872406,0,0,0,0,0,0,0,0,0,0,0,0,0,0,0,0,0,0,0,0,0,0,0
5943,0,0,0,21.71603966,0,0,0,0,0,0,12.32994843,0,0,0,0,0,0,0,0,0,0,0,0,0,0,9.299534798,0,0,0,0,0,9.911004066,12.05096054,0,0,0,0,0,0,0,0,0,0,0,0,0,0,0,0,0,0,0,0,0,0,0,0,0,0,0,0,0,12.83441067,0,0,0,0,0,0,0,0,0,0,19.88189125,0,0,0,0,0,0,0,0,0,0,0,0,0,0,0,0,0,0,0,21.56251907,0,0,0,0,0,0,0,0,14.92906666,0,21.43727875,0,0,0,0,0,0,0,0,0,0,0,0,0,0,0,0,0,0,0,0,0,0,0
5978,0,0,0,23.68436241,0,0,0,0,0,0,13.57717228,0,0,0,0,0,0,0,0,0,0,0,0,0,0,9.955080032,0,0,0,0,0,10.5763216,12.88390923,0,0,0,0,0,0,0,0,0,0,0,0,0,0,0,0,0,0,0,0,0,0,0,0,0,0,0,0,0,14.02930546,0,0,0,0,0,0,0,0,0,0,22.03563881,0,0,0,0,0,0,0,0,0,0,0,0,0,0,0,0,0,0,0,23.32056808,0,0,0,0,0,0,0,0,16.27145767,0,23.47013474,0,0,0,0,0,0,0,0,0,0,0,0,0,0,0,0,0,0,0,0,0,0,0
5994,0,0,0,22.27405357,0,0,0,0,0,0,12.67893219,0,0,0,0,0,0,0,0,0,0,0,0,0,0,9.482842445,0,0,0,0,0,10.23494148,12.47340202,0,0,0,0,0,0,0,0,0,0,0,0,0,0,0,0,0,0,0,0,0,0,0,0,0,0,0,0,0,13.44321346,0,0,0,0,0,0,0,0,0,0,20.57042122,0,0,0,0,0,0,0,0,0,0,0,0,0,0,0,0,0,0,0,22.16519737,0,0,0,0,0,0,0,0,15.09804058,0,22.2826767,0,0,0,0,0,0,0,0,0,0,0,0,0,0,0,0,0,0,0,0,0,0,0
6001,0,0,0,21.97019577,0,0,0,0,0,0,12.42167187,0,0,0,0,0,0,0,0,0,0,0,0,0,0,9.412033081,0,0,0,0,0,10.04274559,12.18344688,0,0,0,0,0,0,0,0,0,0,0,0,0,0,0,0,0,0,0,0,0,0,0,0,0,0,0,0,0,12.90812397,0,0,0,0,0,0,0,0,0,0,20.19709206,0,0,0,0,0,0,0,0,0,0,0,0,0,0,0,0,0,0,0,21.85175705,0,0,0,0,0,0,0,0,15.08891201,0,21.73777771,0,0,0,0,0,0,0,0,0,0,0,0,0,0,0,0,0,0,0,0,0,0,0
6013,0,0,0,22.15743446,0,0,0,0,0,0,12.62855148,0,0,0,0,0,0,0,0,0,0,0,0,0,0,9.438586235,0,0,0,0,0,10.20548153,12.42972374,0,0,0,0,0,0,0,0,0,0,0,0,0,0,0,0,0,0,0,0,0,0,0,0,0,0,0,0,0,13.37422085,0,0,0,0,0,0,0,0,0,0,20.47129059,0,0,0,0,0,0,0,0,0,0,0,0,0,0,0,0,0,0,0,22.10442924,0,0,0,0,0,0,0,0,15.11159706,0,22.21134949,0,0,0,0,0,0,0,0,0,0,0,0,0,0,0,0,0,0,0,0,0,0,0
6036,0,0,0,22.13139343,0,0,0,0,0,0,12.64082909,0,0,0,0,0,0,0,0,0,0,0,0,0,0,9.359732628,0,0,0,0,0,10.1999445,12.38165855,0,0,0,0,0,0,0,0,0,0,0,0,0,0,0,0,0,0,0,0,0,0,0,0,0,0,0,0,0,13.13388348,0,0,0,0,0,0,0,0,0,0,20.41707611,0,0,0,0,0,0,0,0,0,0,0,0,0,0,0,0,0,0,0,21.96109772,0,0,0,0,0,0,0,0,15.02936745,0,22.19610977,0,0,0,0,0,0,0,0,0,0,0,0,0,0,0,0,0,0,0,0,0,0,0
6089,0,0,0,22.00199318,0,0,0,0,0,0,12.44337654,0,0,0,0,0,0,0,0,0,0,0,0,0,0,9.40435791,0,0,0,0,0,10.03764343,12.17816353,0,0,0,0,0,0,0,0,0,0,0,0,0,0,0,0,0,0,0,0,0,0,0,0,0,0,0,0,0,12.85439014,0,0,0,0,0,0,0,0,0,0,20.11130142,0,0,0,0,0,0,0,0,0,0,0,0,0,0,0,0,0,0,0,21.77574348,0,0,0,0,0,0,0,0,14.99379921,0,21.70696259,0,0,0,0,0,0,0,0,0,0,0,0,0,0,0,0,0,0,0,0,0,0,0
6279,0,0,0,22.57003593,0,0,0,0,0,0,12.78753567,0,0,0,0,0,0,0,0,0,0,0,0,0,0,9.524975777,0,0,0,0,0,10.36712742,12.51222229,0,0,0,0,0,0,0,0,0,0,0,0,0,0,0,0,0,0,0,0,0,0,0,0,0,0,0,0,0,13.5242033,0,0,0,0,0,0,0,0,0,0,20.80817986,0,0,0,0,0,0,0,0,0,0,0,0,0,0,0,0,0,0,0,22.43394279,0,0,0,0,0,0,0,0,15.34653187,0,22.50088501,0,0,0,0,0,0,0,0,0,0,0,0,0,0,0,0,0,0,0,0,0,0,0
6410,0,0,0,21.58196259,0,0,0,0,0,0,12.26872063,0,0,0,0,0,0,0,0,0,0,0,0,0,0,9.237825394,0,0,0,0,0,9.865828514,12.00238228,0,0,0,0,0,0,0,0,0,0,0,0,0,0,0,0,0,0,0,0,0,0,0,0,0,0,0,0,0,12.82314968,0,0,0,0,0,0,0,0,0,0,19.77592659,0,0,0,0,0,0,0,0,0,0,0,0,0,0,0,0,0,0,0,21.44875145,0,0,0,0,0,0,0,0,14.8232832,0,21.39080429,0,0,0,0,0,0,0,0,0,0,0,0,0,0,0,0,0,0,0,0,0,0,0
6623,0,0,0,21.84671402,0,0,0,0,0,0,12.33113766,0,0,0,0,0,0,0,0,0,0,0,0,0,0,9.325086594,0,0,0,0,0,9.952627182,12.08001328,0,0,0,0,0,0,0,0,0,0,0,0,0,0,0,0,0,0,0,0,0,0,0,0,0,0,0,0,0,12.87396908,0,0,0,0,0,0,0,0,0,0,20.0739193,0,0,0,0,0,0,0,0,0,0,0,0,0,0,0,0,0,0,0,21.76025963,0,0,0,0,0,0,0,0,15.06703472,0,21.60666275,0,0,0,0,0,0,0,0,0,0,0,0,0,0,0,0,0,0,0,0,0,0,0
7222,0,0,0,21.88037491,0,0,0,0,0,0,12.40053463,0,0,0,0,0,0,0,0,0,0,0,0,0,0,9.354496002,0,0,0,0,0,9.991851807,12.10331535,0,0,0,0,0,0,0,0,0,0,0,0,0,0,0,0,0,0,0,0,0,0,0,0,0,0,0,0,0,12.81234646,0,0,0,0,0,0,0,0,0,0,19.94752312,0,0,0,0,0,0,0,0,0,0,0,0,0,0,0,0,0,0,0,21.68534088,0,0,0,0,0,0,0,0,14.99284554,0,21.49746704,0,0,0,0,0,0,0,0,0,0,0,0,0,0,0,0,0,0,0,0,0,0,0
8029,0,0,0,21.71563911,0,0,0,0,0,0,12.30871677,0,0,0,0,0,0,0,0,0,0,0,0,0,0,9.282615662,0,0,0,0,0,9.919100761,12.0036335,0,0,0,0,0,0,0,0,0,0,0,0,0,0,0,0,0,0,0,0,0,0,0,0,0,0,0,0,0,12.79820919,0,0,0,0,0,0,0,0,0,0,19.77375793,0,0,0,0,0,0,0,0,0,0,0,0,0,0,0,0,0,0,0,21.55181885,0,0,0,0,0,0,0,0,14.8742609,0,21.38741302,0,0,0,0,0,0,0,0,0,0,0,0,0,0,0,0,0,0,0,0,0,0,0
8490,0,0,0,22.27246857,0,0,0,0,0,0,12.77466393,0,0,0,0,0,0,0,0,0,0,0,0,0,0,9.36775589,0,0,0,0,0,10.30573273,12.40795135,0,0,0,0,0,0,0,0,0,0,0,0,0,0,0,0,0,0,0,0,0,0,0,0,0,0,0,0,0,13.37720585,0,0,0,0,0,0,0,0,0,0,20.51138496,0,0,0,0,0,0,0,0,0,0,0,0,0,0,0,0,0,0,0,22.23425484,0,0,0,0,0,0,0,0,15.12690544,0,22.36937714,0,0,0,0,0,0,0,0,0,0,0,0,0,0,0,0,0,0,0,0,0,0,0
9064,0,0,0,22.2018528,0,0,0,0,0,0,12.60208416,0,0,0,0,0,0,0,0,0,0,0,0,0,0,9.496884346,0,0,0,0,0,10.27346325,12.272295,0,0,0,0,0,0,0,0,0,0,0,0,0,0,0,0,0,0,0,0,0,0,0,0,0,0,0,0,0,13.2931757,0,0,0,0,0,0,0,0,0,0,20.45788383,0,0,0,0,0,0,0,0,0,0,0,0,0,0,0,0,0,0,0,22.12512016,0,0,0,0,0,0,0,0,15.13976288,0,22.18269348,0,0,0,0,0,0,0,0,0,0,0,0,0,0,0,0,0,0,0,0,0,0,0
9444,0,0,0,22.30311394,0,0,0,0,0,0,12.65662193,0,0,0,0,0,0,0,0,0,0,0,0,0,0,9.414793015,0,0,0,0,0,10.29863644,12.38550758,0,0,0,0,0,0,0,0,0,0,0,0,0,0,0,0,0,0,0,0,0,0,0,0,0,0,0,0,0,13.24816036,0,0,0,0,0,0,0,0,0,0,20.52539063,0,0,0,0,0,0,0,0,0,0,0,0,0,0,0,0,0,0,0,22.20189476,0,0,0,0,0,0,0,0,15.12107086,0,22.31506729,0,0,0,0,0,0,0,0,0,0,0,0,0,0,0,0,0,0,0,0,0,0,0
10621,0,0,0,23.39243889,0,0,0,0,0,0,13.2109623,0,0,0,0,0,0,0,0,0,0,0,0,0,0,9.926465988,0,0,0,0,0,10.51816559,12.75105095,0,0,0,0,0,0,0,0,0,0,0,0,0,0,0,0,0,0,0,0,0,0,0,0,0,0,0,0,0,13.74151516,0,0,0,0,0,0,0,0,0,0,21.54583359,0,0,0,0,0,0,0,0,0,0,0,0,0,0,0,0,0,0,0,23.11400795,0,0,0,0,0,0,0,0,16.10089493,0,23.07266998,0,0,0,0,0,0,0,0,0,0,0,0,0,0,0,0,0,0,0,0,0,0,0
10635,0,0,0,22.25514984,0,0,0,0,0,0,12.67610931,0,0,0,0,0,0,0,0,0,0,0,0,0,0,9.462567329,0,0,0,0,0,10.22404385,12.43928528,0,0,0,0,0,0,0,0,0,0,0,0,0,0,0,0,0,0,0,0,0,0,0,0,0,0,0,0,0,13.44495678,0,0,0,0,0,0,0,0,0,0,20.5634346,0,0,0,0,0,0,0,0,0,0,0,0,0,0,0,0,0,0,0,22.17813301,0,0,0,0,0,0,0,0,15.18840408,0,22.24517441,0,0,0,0,0,0,0,0,0,0,0,0,0,0,0,0,0,0,0,0,0,0,0
10836,0,0,0,21.77796364,0,0,0,0,0,0,12.39425755,0,0,0,0,0,0,0,0,0,0,0,0,0,0,9.363632202,0,0,0,0,0,9.987607002,12.17813492,0,0,0,0,0,0,0,0,0,0,0,0,0,0,0,0,0,0,0,0,0,0,0,0,0,0,0,0,0,12.84519482,0,0,0,0,0,0,0,0,0,0,19.98640823,0,0,0,0,0,0,0,0,0,0,0,0,0,0,0,0,0,0,0,21.60735703,0,0,0,0,0,0,0,0,14.89624023,0,21.57777023,0,0,0,0,0,0,0,0,0,0,0,0,0,0,0,0,0,0,0,0,0,0,0
12967,0,0,0,21.72872353,0,0,0,0,0,0,12.43057156,0,0,0,0,0,0,0,0,0,0,0,0,0,0,9.286710739,0,0,0,0,0,9.982534409,12.16550636,0,0,0,0,0,0,0,0,0,0,0,0,0,0,0,0,0,0,0,0,0,0,0,0,0,0,0,0,0,12.86742496,0,0,0,0,0,0,0,0,0,0,19.98603058,0,0,0,0,0,0,0,0,0,0,0,0,0,0,0,0,0,0,0,21.60971832,0,0,0,0,0,0,0,0,14.88527966,0,21.60852814,0,0,0,0,0,0,0,0,0,0,0,0,0,0,0,0,0,0,0,0,0,0,0
13089,0,0,0,22.00583267,0,0,0,0,0,0,12.41271973,0,0,0,0,0,0,0,0,0,0,0,0,0,0,9.426609039,0,0,0,0,0,10.09523106,12.1971302,0,0,0,0,0,0,0,0,0,0,0,0,0,0,0,0,0,0,0,0,0,0,0,0,0,0,0,0,0,12.95019245,0,0,0,0,0,0,0,0,0,0,20.28188896,0,0,0,0,0,0,0,0,0,0,0,0,0,0,0,0,0,0,0,21.95146751,0,0,0,0,0,0,0,0,15.10301018,0,21.88388062,0,0,0,0,0,0,0,0,0,0,0,0,0,0,0,0,0,0,0,0,0,0,0
13090,0,0,0,21.98199844,0,0,0,0,0,0,12.4578104,0,0,0,0,0,0,0,0,0,0,0,0,0,0,9.458660126,0,0,0,0,0,10.09854031,12.22397614,0,0,0,0,0,0,0,0,0,0,0,0,0,0,0,0,0,0,0,0,0,0,0,0,0,0,0,0,0,13.06343555,0,0,0,0,0,0,0,0,0,0,20.3614254,0,0,0,0,0,0,0,0,0,0,0,0,0,0,0,0,0,0,0,22.02898598,0,0,0,0,0,0,0,0,15.08867264,0,21.94467926,0,0,0,0,0,0,0,0,0,0,0,0,0,0,0,0,0,0,0,0,0,0,0
13091,0,0,0,21.94021225,0,0,0,0,0,0,12.3877449,0,0,0,0,0,0,0,0,0,0,0,0,0,0,9.411014557,0,0,0,0,0,10.06174469,12.17693901,0,0,0,0,0,0,0,0,0,0,0,0,0,0,0,0,0,0,0,0,0,0,0,0,0,0,0,0,0,12.89885426,0,0,0,0,0,0,0,0,0,0,20.17889214,0,0,0,0,0,0,0,0,0,0,0,0,0,0,0,0,0,0,0,21.82928276,0,0,0,0,0,0,0,0,15.04853153,0,21.75249481,0,0,0,0,0,0,0,0,0,0,0,0,0,0,0,0,0,0,0,0,0,0,0
13092,0,0,0,21.90773773,0,0,0,0,0,0,12.37081146,0,0,0,0,0,0,0,0,0,0,0,0,0,0,9.378269196,0,0,0,0,0,10.02276516,12.15814018,0,0,0,0,0,0,0,0,0,0,0,0,0,0,0,0,0,0,0,0,0,0,0,0,0,0,0,0,0,12.89365292,0,0,0,0,0,0,0,0,0,0,20.16207504,0,0,0,0,0,0,0,0,0,0,0,0,0,0,0,0,0,0,0,21.81270409,0,0,0,0,0,0,0,0,15.0650301,0,21.70883942,0,0,0,0,0,0,0,0,0,0,0,0,0,0,0,0,0,0,0,0,0,0,0
13095,0,0,0,21.91514778,0,0,0,0,0,0,12.4562273,0,0,0,0,0,0,0,0,0,0,0,0,0,0,9.441652298,0,0,0,0,0,10.05823231,12.27027893,0,0,0,0,0,0,0,0,0,0,0,0,0,0,0,0,0,0,0,0,0,0,0,0,0,0,0,0,0,12.94875622,0,0,0,0,0,0,0,0,0,0,20.264328,0,0,0,0,0,0,0,0,0,0,0,0,0,0,0,0,0,0,0,21.86117172,0,0,0,0,0,0,0,0,15.02081108,0,21.85966492,0,0,0,0,0,0,0,0,0,0,0,0,0,0,0,0,0,0,0,0,0,0,0
13096,0,0,0,21.99370956,0,0,0,0,0,0,12.42566109,0,0,0,0,0,0,0,0,0,0,0,0,0,0,9.378299713,0,0,0,0,0,10.09883881,12.22509575,0,0,0,0,0,0,0,0,0,0,0,0,0,0,0,0,0,0,0,0,0,0,0,0,0,0,0,0,0,12.94181347,0,0,0,0,0,0,0,0,0,0,20.31353569,0,0,0,0,0,0,0,0,0,0,0,0,0,0,0,0,0,0,0,21.9647007,0,0,0,0,0,0,0,0,15.08894253,0,21.94371796,0,0,0,0,0,0,0,0,0,0,0,0,0,0,0,0,0,0,0,0,0,0,0
13097,0,0,0,21.88340759,0,0,0,0,0,0,12.34404182,0,0,0,0,0,0,0,0,0,0,0,0,0,0,9.386777878,0,0,0,0,0,10.01603413,12.12773323,0,0,0,0,0,0,0,0,0,0,0,0,0,0,0,0,0,0,0,0,0,0,0,0,0,0,0,0,0,12.91044712,0,0,0,0,0,0,0,0,0,0,20.1641922,0,0,0,0,0,0,0,0,0,0,0,0,0,0,0,0,0,0,0,21.78402328,0,0,0,0,0,0,0,0,15.04019928,0,21.73097229,0,0,0,0,0,0,0,0,0,0,0,0,0,0,0,0,0,0,0,0,0,0,0
13342,0,0,0,23.66610527,0,0,0,0,0,0,13.60243225,0,0,0,0,0,0,0,0,0,0,0,0,0,0,9.997599602,0,0,0,0,0,10.58799648,12.85442924,0,0,0,0,0,0,0,0,0,0,0,0,0,0,0,0,0,0,0,0,0,0,0,0,0,0,0,0,0,14.06295681,0,0,0,0,0,0,0,0,0,0,22.04242706,0,0,0,0,0,0,0,0,0,0,0,0,0,0,0,0,0,0,0,23.32462311,0,0,0,0,0,0,0,0,16.24128723,0,23.52823639,0,0,0,0,0,0,0,0,0,0,0,0,0,0,0,0,0,0,0,0,0,0,0
14403,0,0,0,22.14073372,0,0,0,0,0,0,12.50955391,0,0,0,0,0,0,0,0,0,0,0,0,0,0,9.452533722,0,0,0,0,0,10.12247086,12.25683022,0,0,0,0,0,0,0,0,0,0,0,0,0,0,0,0,0,0,0,0,0,0,0,0,0,0,0,0,0,13.11445522,0,0,0,0,0,0,0,0,0,0,20.35568619,0,0,0,0,0,0,0,0,0,0,0,0,0,0,0,0,0,0,0,21.97093773,0,0,0,0,0,0,0,0,15.11953354,0,21.96801758,0,0,0,0,0,0,0,0,0,0,0,0,0,0,0,0,0,0,0,0,0,0,0
14888,0,0,0,22.00317192,0,0,0,0,0,0,12.4849968,0,0,0,0,0,0,0,0,0,0,0,0,0,0,9.299032211,0,0,0,0,0,10.05729103,12.17458153,0,0,0,0,0,0,0,0,0,0,0,0,0,0,0,0,0,0,0,0,0,0,0,0,0,0,0,0,0,12.96694088,0,0,0,0,0,0,0,0,0,0,20.2195015,0,0,0,0,0,0,0,0,0,0,0,0,0,0,0,0,0,0,0,21.88790703,0,0,0,0,0,0,0,0,15.09256268,0,21.85194016,0,0,0,0,0,0,0,0,0,0,0,0,0,0,0,0,0,0,0,0,0,0,0
15625,0,0,0,22.09436417,0,0,0,0,0,0,12.46498775,0,0,0,0,0,0,0,0,0,0,0,0,0,0,9.462330818,0,0,0,0,0,10.133708,12.218853,0,0,0,0,0,0,0,0,0,0,0,0,0,0,0,0,0,0,0,0,0,0,0,0,0,0,0,0,0,12.95474911,0,0,0,0,0,0,0,0,0,0,20.35006714,0,0,0,0,0,0,0,0,0,0,0,0,0,0,0,0,0,0,0,21.99039268,0,0,0,0,0,0,0,0,15.13358212,0,21.93864822,0,0,0,0,0,0,0,0,0,0,0,0,0,0,0,0,0,0,0,0,0,0,0
15939,0,0,0,21.96981621,0,0,0,0,0,0,12.41895962,0,0,0,0,0,0,0,0,0,0,0,0,0,0,9.396970749,0,0,0,0,0,10.00407124,12.16900444,0,0,0,0,0,0,0,0,0,0,0,0,0,0,0,0,0,0,0,0,0,0,0,0,0,0,0,0,0,12.89822292,0,0,0,0,0,0,0,0,0,0,20.15677643,0,0,0,0,0,0,0,0,0,0,0,0,0,0,0,0,0,0,0,21.89958,0,0,0,0,0,0,0,0,15.02878571,0,21.75500488,0,0,0,0,0,0,0,0,0,0,0,0,0,0,0,0,0,0,0,0,0,0,0
16741,0,0,0,21.74570465,0,0,0,0,0,0,12.36227417,0,0,0,0,0,0,0,0,0,0,0,0,0,0,9.339266777,0,0,0,0,0,9.964515686,12.14184761,0,0,0,0,0,0,0,0,0,0,0,0,0,0,0,0,0,0,0,0,0,0,0,0,0,0,0,0,0,12.82008839,0,0,0,0,0,0,0,0,0,0,19.92737961,0,0,0,0,0,0,0,0,0,0,0,0,0,0,0,0,0,0,0,21.5880146,0,0,0,0,0,0,0,0,14.90186024,0,21.51047897,0,0,0,0,0,0,0,0,0,0,0,0,0,0,0,0,0,0,0,0,0,0,0
21109,0,0,0,22.01806831,0,0,0,0,0,0,12.49690533,0,0,0,0,0,0,0,0,0,0,0,0,0,0,9.380122185,0,0,0,0,0,10.09723377,12.28274345,0,0,0,0,0,0,0,0,0,0,0,0,0,0,0,0,0,0,0,0,0,0,0,0,0,0,0,0,0,12.89674091,0,0,0,0,0,0,0,0,0,0,20.22465324,0,0,0,0,0,0,0,0,0,0,0,0,0,0,0,0,0,0,0,21.83133125,0,0,0,0,0,0,0,0,15.0398035,0,21.81780624,0,0,0,0,0,0,0,0,0,0,0,0,0,0,0,0,0,0,0,0,0,0,0
23973,0,0,0,21.45744133,0,0,0,0,0,0,12.1063509,0,0,0,0,0,0,0,0,0,0,0,0,0,0,9.175775528,0,0,0,0,0,9.790287018,11.88581657,0,0,0,0,0,0,0,0,0,0,0,0,0,0,0,0,0,0,0,0,0,0,0,0,0,0,0,0,0,12.72708988,0,0,0,0,0,0,0,0,0,0,19.55405617,0,0,0,0,0,0,0,0,0,0,0,0,0,0,0,0,0,0,0,21.34039497,0,0,0,0,0,0,0,0,14.70119381,0,21.21917725,0,0,0,0,0,0,0,0,0,0,0,0,0,0,0,0,0,0,0,0,0,0,0
24268,0,0,0,21.86009216,0,0,0,0,0,0,12.44579792,0,0,0,0,0,0,0,0,0,0,0,0,0,0,9.296128273,0,0,0,0,0,9.955795288,12.13253975,0,0,0,0,0,0,0,0,0,0,0,0,0,0,0,0,0,0,0,0,0,0,0,0,0,0,0,0,0,12.89044857,0,0,0,0,0,0,0,0,0,0,20.04012108,0,0,0,0,0,0,0,0,0,0,0,0,0,0,0,0,0,0,0,21.80459785,0,0,0,0,0,0,0,0,14.95993423,0,21.66753769,0,0,0,0,0,0,0,0,0,0,0,0,0,0,0,0,0,0,0,0,0,0,0
24288,0,0,0,21.76777077,0,0,0,0,0,0,12.35083103,0,0,0,0,0,0,0,0,0,0,0,0,0,0,9.319394112,0,0,0,0,0,9.989109039,12.08016968,0,0,0,0,0,0,0,0,0,0,0,0,0,0,0,0,0,0,0,0,0,0,0,0,0,0,0,0,0,12.77237797,0,0,0,0,0,0,0,0,0,0,19.76515579,0,0,0,0,0,0,0,0,0,0,0,0,0,0,0,0,0,0,0,21.59466362,0,0,0,0,0,0,0,0,14.78645515,0,21.46443176,0,0,0,0,0,0,0,0,0,0,0,0,0,0,0,0,0,0,0,0,0,0,0
24360,0,0,0,22.24897957,0,0,0,0,0,0,12.57397366,0,0,0,0,0,0,0,0,0,0,0,0,0,0,9.505973816,0,0,0,0,0,10.25979137,12.40777969,0,0,0,0,0,0,0,0,0,0,0,0,0,0,0,0,0,0,0,0,0,0,0,0,0,0,0,0,0,13.26092625,0,0,0,0,0,0,0,0,0,0,20.666605,0,0,0,0,0,0,0,0,0,0,0,0,0,0,0,0,0,0,0,22.16051102,0,0,0,0,0,0,0,0,15.10936165,0,22.34859467,0,0,0,0,0,0,0,0,0,0,0,0,0,0,0,0,0,0,0,0,0,0,0
24497,0,0,0,21.91718483,0,0,0,0,0,0,12.47566414,0,0,0,0,0,0,0,0,0,0,0,0,0,0,9.332839966,0,0,0,0,0,10.01007175,12.18445396,0,0,0,0,0,0,0,0,0,0,0,0,0,0,0,0,0,0,0,0,0,0,0,0,0,0,0,0,0,12.9114275,0,0,0,0,0,0,0,0,0,0,20.15068245,0,0,0,0,0,0,0,0,0,0,0,0,0,0,0,0,0,0,0,21.85552025,0,0,0,0,0,0,0,0,15.01897907,0,21.75854492,0,0,0,0,0,0,0,0,0,0,0,0,0,0,0,0,0,0,0,0,0,0,0
29327,0,0,0,22.31868172,0,0,0,0,0,0,12.82690239,0,0,0,0,0,0,0,0,0,0,0,0,0,0,9.46391201,0,0,0,0,0,10.35521793,12.47638893,0,0,0,0,0,0,0,0,0,0,0,0,0,0,0,0,0,0,0,0,0,0,0,0,0,0,0,0,0,13.50955296,0,0,0,0,0,0,0,0,0,0,20.61082458,0,0,0,0,0,0,0,0,0,0,0,0,0,0,0,0,0,0,0,22.15721321,0,0,0,0,0,0,0,0,15.13607025,0,22.42934799,0,0,0,0,0,0,0,0,0,0,0,0,0,0,0,0,0,0,0,0,0,0,0
31101,0,0,0,23.27877235,0,0,0,0,0,0,13.16726398,0,0,0,0,0,0,0,0,0,0,0,0,0,0,9.827007294,0,0,0,0,0,10.60956764,12.61925697,0,0,0,0,0,0,0,0,0,0,0,0,0,0,0,0,0,0,0,0,0,0,0,0,0,0,0,0,0,13.74592686,0,0,0,0,0,0,0,0,0,0,21.37799072,0,0,0,0,0,0,0,0,0,0,0,0,0,0,0,0,0,0,0,22.93287849,0,0,0,0,0,0,0,0,15.76089859,0,23.20780563,0,0,0,0,0,0,0,0,0,0,0,0,0,0,0,0,0,0,0,0,0,0,0
31401,0,0,0,22.67211914,0,0,0,0,0,0,12.84032631,0,0,0,0,0,0,0,0,0,0,0,0,0,0,9.60986805,0,0,0,0,0,10.37799072,12.52064133,0,0,0,0,0,0,0,0,0,0,0,0,0,0,0,0,0,0,0,0,0,0,0,0,0,0,0,0,0,13.60092258,0,0,0,0,0,0,0,0,0,0,20.85227394,0,0,0,0,0,0,0,0,0,0,0,0,0,0,0,0,0,0,0,22.46110344,0,0,0,0,0,0,0,0,15.444067,0,22.60463333,0,0,0,0,0,0,0,0,0,0,0,0,0,0,0,0,0,0,0,0,0,0,0
31703,0,0,0,23.12622833,0,0,0,0,0,0,13.03045273,0,0,0,0,0,0,0,0,0,0,0,0,0,0,9.846729279,0,0,0,0,0,10.52415752,12.60975266,0,0,0,0,0,0,0,0,0,0,0,0,0,0,0,0,0,0,0,0,0,0,0,0,0,0,0,0,0,13.66883945,0,0,0,0,0,0,0,0,0,0,21.18399811,0,0,0,0,0,0,0,0,0,0,0,0,0,0,0,0,0,0,0,22.87246323,0,0,0,0,0,0,0,0,15.75665569,0,22.80969238,0,0,0,0,0,0,0,0,0,0,0,0,0,0,0,0,0,0,0,0,0,0,0
36314,0,0,0,23.7323513,0,0,0,0,0,0,13.87406921,0,0,0,0,0,0,0,0,0,0,0,0,0,0,9.995342255,0,0,0,0,0,10.59117317,12.95396233,0,0,0,0,0,0,0,0,0,0,0,0,0,0,0,0,0,0,0,0,0,0,0,0,0,0,0,0,0,14.15554905,0,0,0,0,0,0,0,0,0,0,22.02509308,0,0,0,0,0,0,0,0,0,0,0,0,0,0,0,0,0,0,0,23.57774734,0,0,0,0,0,0,0,0,16.46761703,0,23.68477249,0,0,0,0,0,0,0,0,0,0,0,0,0,0,0,0,0,0,0,0,0,0,0
36462,0,0,0,23.40218163,0,0,0,0,0,0,13.20679092,0,0,0,0,0,0,0,0,0,0,0,0,0,0,9.867681503,0,0,0,0,0,10.48243523,12.6913681,0,0,0,0,0,0,0,0,0,0,0,0,0,0,0,0,0,0,0,0,0,0,0,0,0,0,0,0,0,13.80215931,0,0,0,0,0,0,0,0,0,0,21.37599373,0,0,0,0,0,0,0,0,0,0,0,0,0,0,0,0,0,0,0,23.05929756,0,0,0,0,0,0,0,0,16.01002312,0,22.98671722,0,0,0,0,0,0,0,0,0,0,0,0,0,0,0,0,0,0,0,0,0,0,0
41867,0,0,0,23.14547157,0,0,0,0,0,0,13.05351067,0,0,0,0,0,0,0,0,0,0,0,0,0,0,9.83262825,0,0,0,0,0,10.52598667,12.60863304,0,0,0,0,0,0,0,0,0,0,0,0,0,0,0,0,0,0,0,0,0,0,0,0,0,0,0,0,0,13.66133404,0,0,0,0,0,0,0,0,0,0,21.20376205,0,0,0,0,0,0,0,0,0,0,0,0,0,0,0,0,0,0,0,22.8829155,0,0,0,0,0,0,0,0,15.78784084,0,22.81983185,0,0,0,0,0,0,0,0,0,0,0,0,0,0,0,0,0,0,0,0,0,0,0
42113,0,0,0,21.678442,0,0,0,0,0,0,12.35376072,0,0,0,0,0,0,0,0,0,0,0,0,0,0,9.262254715,0,0,0,0,0,9.945090294,12.12853813,0,0,0,0,0,0,0,0,0,0,0,0,0,0,0,0,0,0,0,0,0,0,0,0,0,0,0,0,0,12.82524395,0,0,0,0,0,0,0,0,0,0,19.95192528,0,0,0,0,0,0,0,0,0,0,0,0,0,0,0,0,0,0,0,21.55549812,0,0,0,0,0,0,0,0,14.91091156,0,21.53213882,0,0,0,0,0,0,0,0,0,0,0,0,0,0,0,0,0,0,0,0,0,0,0
47289,0,0,0,21.88562202,0,0,0,0,0,0,12.43267059,0,0,0,0,0,0,0,0,0,0,0,0,0,0,9.369000435,0,0,0,0,0,9.978813171,12.17493248,0,0,0,0,0,0,0,0,0,0,0,0,0,0,0,0,0,0,0,0,0,0,0,0,0,0,0,0,0,12.90917492,0,0,0,0,0,0,0,0,0,0,20.10455704,0,0,0,0,0,0,0,0,0,0,0,0,0,0,0,0,0,0,0,21.68863487,0,0,0,0,0,0,0,0,15.00542927,0,21.63888168,0,0,0,0,0,0,0,0,0,0,0,0,0,0,0,0,0,0,0,0,0,0,0
47318,0,0,0,21.97098923,0,0,0,0,0,0,12.42134094,0,0,0,0,0,0,0,0,0,0,0,0,0,0,9.358038902,0,0,0,0,0,9.992736816,12.10879707,0,0,0,0,0,0,0,0,0,0,0,0,0,0,0,0,0,0,0,0,0,0,0,0,0,0,0,0,0,12.84360218,0,0,0,0,0,0,0,0,0,0,20.06129074,0,0,0,0,0,0,0,0,0,0,0,0,0,0,0,0,0,0,0,21.73672295,0,0,0,0,0,0,0,0,15.06548786,0,21.56599808,0,0,0,0,0,0,0,0,0,0,0,0,0,0,0,0,0,0,0,0,0,0,0
47725,0,0,0,23.88261986,0,0,0,0,0,0,13.91940498,0,0,0,0,0,0,0,0,0,0,0,0,0,0,10.05729198,0,0,0,0,0,10.65723705,12.88853455,0,0,0,0,0,0,0,0,0,0,0,0,0,0,0,0,0,0,0,0,0,0,0,0,0,0,0,0,0,14.30562878,0,0,0,0,0,0,0,0,0,0,22.36641312,0,0,0,0,0,0,0,0,0,0,0,0,0,0,0,0,0,0,0,23.77103615,0,0,0,0,0,0,0,0,16.7254734,0,24.01501465,0,0,0,0,0,0,0,0,0,0,0,0,0,0,0,0,0,0,0,0,0,0,0
47936,0,0,0,22.97911263,0,0,0,0,0,0,12.9487381,0,0,0,0,0,0,0,0,0,0,0,0,0,0,9.707159042,0,0,0,0,0,10.425704,12.62044144,0,0,0,0,0,0,0,0,0,0,0,0,0,0,0,0,0,0,0,0,0,0,0,0,0,0,0,0,0,13.73530865,0,0,0,0,0,0,0,0,0,0,21.09025383,0,0,0,0,0,0,0,0,0,0,0,0,0,0,0,0,0,0,0,22.73765182,0,0,0,0,0,0,0,0,15.61331272,0,22.87064362,0,0,0,0,0,0,0,0,0,0,0,0,0,0,0,0,0,0,0,0,0,0,0
53232,0,0,0,22.73566437,0,0,0,0,0,0,12.79949951,0,0,0,0,0,0,0,0,0,0,0,0,0,0,9.639386177,0,0,0,0,0,10.33409977,12.54727554,0,0,0,0,0,0,0,0,0,0,0,0,0,0,0,0,0,0,0,0,0,0,0,0,0,0,0,0,0,13.56876469,0,0,0,0,0,0,0,0,0,0,20.91431427,0,0,0,0,0,0,0,0,0,0,0,0,0,0,0,0,0,0,0,22.50626564,0,0,0,0,0,0,0,0,15.47905064,0,22.62974167,0,0,0,0,0,0,0,0,0,0,0,0,0,0,0,0,0,0,0,0,0,0,0
60700,0,0,0,22.38020325,0,0,0,0,0,0,12.66984749,0,0,0,0,0,0,0,0,0,0,0,0,0,0,9.56063652,0,0,0,0,0,10.2926569,12.47424126,0,0,0,0,0,0,0,0,0,0,0,0,0,0,0,0,0,0,0,0,0,0,0,0,0,0,0,0,0,13.31393337,0,0,0,0,0,0,0,0,0,0,20.81224442,0,0,0,0,0,0,0,0,0,0,0,0,0,0,0,0,0,0,0,22.27372932,0,0,0,0,0,0,0,0,15.18958187,0,22.47465897,0,0,0,0,0,0,0,0,0,0,0,0,0,0,0,0,0,0,0,0,0,0,0
60750,0,0,0,22.24190521,0,0,0,0,0,0,12.5772171,0,0,0,0,0,0,0,0,0,0,0,0,0,0,9.400349617,0,0,0,0,0,10.2343111,12.33050346,0,0,0,0,0,0,0,0,0,0,0,0,0,0,0,0,0,0,0,0,0,0,0,0,0,0,0,0,0,13.18595219,0,0,0,0,0,0,0,0,0,0,20.47412872,0,0,0,0,0,0,0,0,0,0,0,0,0,0,0,0,0,0,0,22.14391136,0,0,0,0,0,0,0,0,15.08209705,0,22.21095657,0,0,0,0,0,0,0,0,0,0,0,0,0,0,0,0,0,0,0,0,0,0,0
60823,0,0,0,22.81714821,0,0,0,0,0,0,12.76493835,0,0,0,0,0,0,0,0,0,0,0,0,0,0,9.660861969,0,0,0,0,0,10.34752464,12.54954147,0,0,0,0,0,0,0,0,0,0,0,0,0,0,0,0,0,0,0,0,0,0,0,0,0,0,0,0,0,13.54566479,0,0,0,0,0,0,0,0,0,0,21.07202721,0,0,0,0,0,0,0,0,0,0,0,0,0,0,0,0,0,0,0,22.68675613,0,0,0,0,0,0,0,0,15.60806561,0,22.73299026,0,0,0,0,0,0,0,0,0,0,0,0,0,0,0,0,0,0,0,0,0,0,0
60838,0,0,0,22.80352402,0,0,0,0,0,0,12.743433,0,0,0,0,0,0,0,0,0,0,0,0,0,0,9.613595963,0,0,0,0,0,10.3213768,12.56357384,0,0,0,0,0,0,0,0,0,0,0,0,0,0,0,0,0,0,0,0,0,0,0,0,0,0,0,0,0,13.47050571,0,0,0,0,0,0,0,0,0,0,21.03336906,0,0,0,0,0,0,0,0,0,0,0,0,0,0,0,0,0,0,0,22.63640022,0,0,0,0,0,0,0,0,15.55882263,0,22.62760544,0,0,0,0,0,0,0,0,0,0,0,0,0,0,0,0,0,0,0,0,0,0,0
60852,0,0,0,21.91572762,0,0,0,0,0,0,12.46012783,0,0,0,0,0,0,0,0,0,0,0,0,0,0,9.278077126,0,0,0,0,0,10.06582165,12.22209358,0,0,0,0,0,0,0,0,0,0,0,0,0,0,0,0,0,0,0,0,0,0,0,0,0,0,0,0,0,13.00567341,0,0,0,0,0,0,0,0,0,0,20.23321724,0,0,0,0,0,0,0,0,0,0,0,0,0,0,0,0,0,0,0,21.81893539,0,0,0,0,0,0,0,0,15.02667522,0,21.90946579,0,0,0,0,0,0,0,0,0,0,0,0,0,0,0,0,0,0,0,0,0,0,0
60953,0,0,0,22.36778831,0,0,0,0,0,0,12.74966431,0,0,0,0,0,0,0,0,0,0,0,0,0,0,9.498833656,0,0,0,0,0,10.32078552,12.47285271,0,0,0,0,0,0,0,0,0,0,0,0,0,0,0,0,0,0,0,0,0,0,0,0,0,0,0,0,0,13.42950153,0,0,0,0,0,0,0,0,0,0,20.65173721,0,0,0,0,0,0,0,0,0,0,0,0,0,0,0,0,0,0,0,22.19319153,0,0,0,0,0,0,0,0,15.17597485,0,22.39271545,0,0,0,0,0,0,0,0,0,0,0,0,0,0,0,0,0,0,0,0,0,0,0
72304,0,0,0,21.88549042,0,0,0,0,0,0,12.36797428,0,0,0,0,0,0,0,0,0,0,0,0,0,0,9.384984016,0,0,0,0,0,9.979475021,12.13054657,0,0,0,0,0,0,0,0,0,0,0,0,0,0,0,0,0,0,0,0,0,0,0,0,0,0,0,0,0,12.88864994,0,0,0,0,0,0,0,0,0,0,20.11767578,0,0,0,0,0,0,0,0,0,0,0,0,0,0,0,0,0,0,0,21.74517441,0,0,0,0,0,0,0,0,15.0504961,0,21.63705444,0,0,0,0,0,0,0,0,0,0,0,0,0,0,0,0,0,0,0,0,0,0,0
73581,0,0,0,22.59018517,0,0,0,0,0,0,12.82596016,0,0,0,0,0,0,0,0,0,0,0,0,0,0,9.509098053,0,0,0,0,0,10.36591911,12.55265236,0,0,0,0,0,0,0,0,0,0,0,0,0,0,0,0,0,0,0,0,0,0,0,0,0,0,0,0,0,13.6704607,0,0,0,0,0,0,0,0,0,0,20.89950752,0,0,0,0,0,0,0,0,0,0,0,0,0,0,0,0,0,0,0,22.44217491,0,0,0,0,0,0,0,0,15.43978691,0,22.55814743,0,0,0,0,0,0,0,0,0,0,0,0,0,0,0,0,0,0,0,0,0,0,0
74483,0,0,0,22.11400604,0,0,0,0,0,0,12.54570961,0,0,0,0,0,0,0,0,0,0,0,0,0,0,9.478860855,0,0,0,0,0,10.10734844,12.40236855,0,0,0,0,0,0,0,0,0,0,0,0,0,0,0,0,0,0,0,0,0,0,0,0,0,0,0,0,0,13.34920406,0,0,0,0,0,0,0,0,0,0,20.50883865,0,0,0,0,0,0,0,0,0,0,0,0,0,0,0,0,0,0,0,22.15520096,0,0,0,0,0,0,0,0,15.10766315,0,22.05247498,0,0,0,0,0,0,0,0,0,0,0,0,0,0,0,0,0,0,0,0,0,0,0
89594,0,0,0,21.82580757,0,0,0,0,0,0,12.42119312,0,0,0,0,0,0,0,0,0,0,0,0,0,0,9.381999016,0,0,0,0,0,9.997213364,12.19787407,0,0,0,0,0,0,0,0,0,0,0,0,0,0,0,0,0,0,0,0,0,0,0,0,0,0,0,0,0,12.86333752,0,0,0,0,0,0,0,0,0,0,20.0517807,0,0,0,0,0,0,0,0,0,0,0,0,0,0,0,0,0,0,0,21.65823555,0,0,0,0,0,0,0,0,14.9603653,0,21.59736252,0,0,0,0,0,0,0,0,0,0,0,0,0,0,0,0,0,0,0,0,0,0,0
91466,0,0,0,22.02366447,0,0,0,0,0,0,12.54370117,0,0,0,0,0,0,0,0,0,0,0,0,0,0,9.358594894,0,0,0,0,0,10.17108536,12.30503845,0,0,0,0,0,0,0,0,0,0,0,0,0,0,0,0,0,0,0,0,0,0,0,0,0,0,0,0,0,13.19332218,0,0,0,0,0,0,0,0,0,0,20.29542923,0,0,0,0,0,0,0,0,0,0,0,0,0,0,0,0,0,0,0,21.88060951,0,0,0,0,0,0,0,0,14.97083282,0,22.0712471,0,0,0,0,0,0,0,0,0,0,0,0,0,0,0,0,0,0,0,0,0,0,0
93004,0,0,0,21.76215172,0,0,0,0,0,0,12.40598869,0,0,0,0,0,0,0,0,0,0,0,0,0,0,9.287022591,0,0,0,0,0,10.00013161,12.21730423,0,0,0,0,0,0,0,0,0,0,0,0,0,0,0,0,0,0,0,0,0,0,0,0,0,0,0,0,0,12.83040714,0,0,0,0,0,0,0,0,0,0,20.04651642,0,0,0,0,0,0,0,0,0,0,0,0,0,0,0,0,0,0,0,21.66539574,0,0,0,0,0,0,0,0,14.91833782,0,21.67629623,0,0,0,0,0,0,0,0,0,0,0,0,0,0,0,0,0,0,0,0,0,0,0
97226,0,0,0,22.24646759,0,0,0,0,0,0,12.5862112,0,0,0,0,0,0,0,0,0,0,0,0,0,0,9.489596367,0,0,0,0,0,10.24524498,12.4211998,0,0,0,0,0,0,0,0,0,0,0,0,0,0,0,0,0,0,0,0,0,0,0,0,0,0,0,0,0,13.24140453,0,0,0,0,0,0,0,0,0,0,20.64642143,0,0,0,0,0,0,0,0,0,0,0,0,0,0,0,0,0,0,0,22.14777565,0,0,0,0,0,0,0,0,15.10961246,0,22.33987045,0,0,0,0,0,0,0,0,0,0,0,0,0,0,0,0,0,0,0,0,0,0,0
107985,0,0,0,22.79216576,0,0,0,0,0,0,12.90472984,0,0,0,0,0,0,0,0,0,0,0,0,0,0,9.602235794,0,0,0,0,0,10.38897419,12.52629471,0,0,0,0,0,0,0,0,0,0,0,0,0,0,0,0,0,0,0,0,0,0,0,0,0,0,0,0,0,13.59963894,0,0,0,0,0,0,0,0,0,0,20.86744499,0,0,0,0,0,0,0,0,0,0,0,0,0,0,0,0,0,0,0,22.54285049,0,0,0,0,0,0,0,0,15.4536438,0,22.65735626,0,0,0,0,0,0,0,0,0,0,0,0,0,0,0,0,0,0,0,0,0,0,0
108065,0,0,0,23.05259895,0,0,0,0,0,0,12.98882294,0,0,0,0,0,0,0,0,0,0,0,0,0,0,9.767476082,0,0,0,0,0,10.47120953,12.53577805,0,0,0,0,0,0,0,0,0,0,0,0,0,0,0,0,0,0,0,0,0,0,0,0,0,0,0,0,0,13.61468983,0,0,0,0,0,0,0,0,0,0,21.22648048,0,0,0,0,0,0,0,0,0,0,0,0,0,0,0,0,0,0,0,22.7737751,0,0,0,0,0,0,0,0,15.68749714,0,22.97864532,0,0,0,0,0,0,0,0,0,0,0,0,0,0,0,0,0,0,0,0,0,0,0
114900,0,0,0,22.0493679,0,0,0,0,0,0,12.4213419,0,0,0,0,0,0,0,0,0,0,0,0,0,0,9.460410118,0,0,0,0,0,10.1061945,12.18377304,0,0,0,0,0,0,0,0,0,0,0,0,0,0,0,0,0,0,0,0,0,0,0,0,0,0,0,0,0,12.92049313,0,0,0,0,0,0,0,0,0,0,20.30485153,0,0,0,0,0,0,0,0,0,0,0,0,0,0,0,0,0,0,0,21.96801758,0,0,0,0,0,0,0,0,15.14588165,0,21.85760498,0,0,0,0,0,0,0,0,0,0,0,0,0,0,0,0,0,0,0,0,0,0,0
119104,0,0,0,22.01941681,0,0,0,0,0,0,12.47947216,0,0,0,0,0,0,0,0,0,0,0,0,0,0,9.412419319,0,0,0,0,0,10.11572552,12.32479668,0,0,0,0,0,0,0,0,0,0,0,0,0,0,0,0,0,0,0,0,0,0,0,0,0,0,0,0,0,13.00157642,0,0,0,0,0,0,0,0,0,0,20.38315773,0,0,0,0,0,0,0,0,0,0,0,0,0,0,0,0,0,0,0,21.93605232,0,0,0,0,0,0,0,0,15.06951332,0,22.00892639,0,0,0,0,0,0,0,0,0,0,0,0,0,0,0,0,0,0,0,0,0,0,0
119307,0,0,0,23.25075531,0,0,0,0,0,0,13.35630512,0,0,0,0,0,0,0,0,0,0,0,0,0,0,9.803239822,0,0,0,0,0,10.34281063,12.72244072,0,0,0,0,0,0,0,0,0,0,0,0,0,0,0,0,0,0,0,0,0,0,0,0,0,0,0,0,0,13.90160084,0,0,0,0,0,0,0,0,0,0,21.53622818,0,0,0,0,0,0,0,0,0,0,0,0,0,0,0,0,0,0,0,22.99373245,0,0,0,0,0,0,0,0,16.00553131,0,23.05144119,0,0,0,0,0,0,0,0,0,0,0,0,0,0,0,0,0,0,0,0,0,0,0
122634,0,0,0,22.96879768,0,0,0,0,0,0,12.86807537,0,0,0,0,0,0,0,0,0,0,0,0,0,0,9.684821129,0,0,0,0,0,10.33525467,12.5554657,0,0,0,0,0,0,0,0,0,0,0,0,0,0,0,0,0,0,0,0,0,0,0,0,0,0,0,0,0,13.57304478,0,0,0,0,0,0,0,0,0,0,21.18103981,0,0,0,0,0,0,0,0,0,0,0,0,0,0,0,0,0,0,0,22.75721359,0,0,0,0,0,0,0,0,15.74789524,0,22.72502518,0,0,0,0,0,0,0,0,0,0,0,0,0,0,0,0,0,0,0,0,0,0,0
123596,0,0,0,22.60404015,0,0,0,0,0,0,12.80779552,0,0,0,0,0,0,0,0,0,0,0,0,0,0,9.623174667,0,0,0,0,0,10.34787273,12.50017738,0,0,0,0,0,0,0,0,0,0,0,0,0,0,0,0,0,0,0,0,0,0,0,0,0,0,0,0,0,13.48468876,0,0,0,0,0,0,0,0,0,0,21.02228928,0,0,0,0,0,0,0,0,0,0,0,0,0,0,0,0,0,0,0,22.43873215,0,0,0,0,0,0,0,0,15.33454418,0,22.71375275,0,0,0,0,0,0,0,0,0,0,0,0,0,0,0,0,0,0,0,0,0,0,0
123631,0,0,0,22.25129128,0,0,0,0,0,0,12.56605721,0,0,0,0,0,0,0,0,0,0,0,0,0,0,9.540192604,0,0,0,0,0,10.27926922,12.2578907,0,0,0,0,0,0,0,0,0,0,0,0,0,0,0,0,0,0,0,0,0,0,0,0,0,0,0,0,0,13.19921398,0,0,0,0,0,0,0,0,0,0,20.46968079,0,0,0,0,0,0,0,0,0,0,0,0,0,0,0,0,0,0,0,22.15319633,0,0,0,0,0,0,0,0,15.16129971,0,22.14824295,0,0,0,0,0,0,0,0,0,0,0,0,0,0,0,0,0,0,0,0,0,0,0
145858,0,0,0,21.96546936,0,0,0,0,0,0,12.39453888,0,0,0,0,0,0,0,0,0,0,0,0,0,0,9.366589546,0,0,0,0,0,10.03226948,12.11480141,0,0,0,0,0,0,0,0,0,0,0,0,0,0,0,0,0,0,0,0,0,0,0,0,0,0,0,0,0,12.89059353,0,0,0,0,0,0,0,0,0,0,20.1719265,0,0,0,0,0,0,0,0,0,0,0,0,0,0,0,0,0,0,0,21.83186913,0,0,0,0,0,0,0,0,15.10545444,0,21.69876862,0,0,0,0,0,0,0,0,0,0,0,0,0,0,0,0,0,0,0,0,0,0,0
148124,0,0,0,23.76804543,0,0,0,0,0,0,13.77112865,0,0,0,0,0,0,0,0,0,0,0,0,0,0,9.957775116,0,0,0,0,0,10.62407684,12.97710228,0,0,0,0,0,0,0,0,0,0,0,0,0,0,0,0,0,0,0,0,0,0,0,0,0,0,0,0,0,14.171731,0,0,0,0,0,0,0,0,0,0,21.94945145,0,0,0,0,0,0,0,0,0,0,0,0,0,0,0,0,0,0,0,23.60927391,0,0,0,0,0,0,0,0,16.39939117,0,23.58752823,0,0,0,0,0,0,0,0,0,0,0,0,0,0,0,0,0,0,0,0,0,0,0
162282,0,0,0,21.83545303,0,0,0,0,0,0,12.48996258,0,0,0,0,0,0,0,0,0,0,0,0,0,0,9.313423157,0,0,0,0,0,10.02118969,12.2172718,0,0,0,0,0,0,0,0,0,0,0,0,0,0,0,0,0,0,0,0,0,0,0,0,0,0,0,0,0,12.87710094,0,0,0,0,0,0,0,0,0,0,20.06262398,0,0,0,0,0,0,0,0,0,0,0,0,0,0,0,0,0,0,0,21.7164669,0,0,0,0,0,0,0,0,14.92472267,0,21.6934967,0,0,0,0,0,0,0,0,0,0,0,0,0,0,0,0,0,0,0,0,0,0,0
164676,0,0,0,22.16438103,0,0,0,0,0,0,12.52438831,0,0,0,0,0,0,0,0,0,0,0,0,0,0,9.510142326,0,0,0,0,0,10.17864704,12.28905487,0,0,0,0,0,0,0,0,0,0,0,0,0,0,0,0,0,0,0,0,0,0,0,0,0,0,0,0,0,13.02953625,0,0,0,0,0,0,0,0,0,0,20.42990875,0,0,0,0,0,0,0,0,0,0,0,0,0,0,0,0,0,0,0,22.06216621,0,0,0,0,0,0,0,0,15.15859413,0,22.01353073,0,0,0,0,0,0,0,0,0,0,0,0,0,0,0,0,0,0,0,0,0,0,0
210332,0,0,0,22.32435608,0,0,0,0,0,0,12.67737961,0,0,0,0,0,0,0,0,0,0,0,0,0,0,9.460367203,0,0,0,0,0,10.31707382,12.42343903,0,0,0,0,0,0,0,0,0,0,0,0,0,0,0,0,0,0,0,0,0,0,0,0,0,0,0,0,0,13.2000494,0,0,0,0,0,0,0,0,0,0,20.55847359,0,0,0,0,0,0,0,0,0,0,0,0,0,0,0,0,0,0,0,22.22575188,0,0,0,0,0,0,0,0,15.17888069,0,22.32123947,0,0,0,0,0,0,0,0,0,0,0,0,0,0,0,0,0,0,0,0,0,0,0
216239,0,0,0,22.33360672,0,0,0,0,0,0,12.65765762,0,0,0,0,0,0,0,0,0,0,0,0,0,0,9.535435677,0,0,0,0,0,10.2585783,12.44913483,0,0,0,0,0,0,0,0,0,0,0,0,0,0,0,0,0,0,0,0,0,0,0,0,0,0,0,0,0,13.23703289,0,0,0,0,0,0,0,0,0,0,20.70497704,0,0,0,0,0,0,0,0,0,0,0,0,0,0,0,0,0,0,0,22.22498703,0,0,0,0,0,0,0,0,15.15772629,0,22.38008499,0,0,0,0,0,0,0,0,0,0,0,0,0,0,0,0,0,0,0,0,0,0,0
216326,0,0,0,22.06603813,0,0,0,0,0,0,12.51211643,0,0,0,0,0,0,0,0,0,0,0,0,0,0,9.291439056,0,0,0,0,0,10.09967327,12.25890541,0,0,0,0,0,0,0,0,0,0,0,0,0,0,0,0,0,0,0,0,0,0,0,0,0,0,0,0,0,12.97941113,0,0,0,0,0,0,0,0,0,0,20.28180313,0,0,0,0,0,0,0,0,0,0,0,0,0,0,0,0,0,0,0,21.91370964,0,0,0,0,0,0,0,0,15.09930706,0,21.91270065,0,0,0,0,0,0,0,0,0,0,0,0,0,0,0,0,0,0,0,0,0,0,0
222528,0,0,0,22.75052643,0,0,0,0,0,0,12.84212208,0,0,0,0,0,0,0,0,0,0,0,0,0,0,9.602923393,0,0,0,0,0,10.34077263,12.52292633,0,0,0,0,0,0,0,0,0,0,0,0,0,0,0,0,0,0,0,0,0,0,0,0,0,0,0,0,0,13.57430363,0,0,0,0,0,0,0,0,0,0,20.87492561,0,0,0,0,0,0,0,0,0,0,0,0,0,0,0,0,0,0,0,22.48239326,0,0,0,0,0,0,0,0,15.47068787,0,22.633358,0,0,0,0,0,0,0,0,0,0,0,0,0,0,0,0,0,0,0,0,0,0,0
222757,0,0,0,22.3350563,0,0,0,0,0,0,12.66604614,0,0,0,0,0,0,0,0,0,0,0,0,0,0,9.584880829,0,0,0,0,0,10.28964233,12.47967911,0,0,0,0,0,0,0,0,0,0,0,0,0,0,0,0,0,0,0,0,0,0,0,0,0,0,0,0,0,13.43122005,0,0,0,0,0,0,0,0,0,0,20.7662735,0,0,0,0,0,0,0,0,0,0,0,0,0,0,0,0,0,0,0,22.28864861,0,0,0,0,0,0,0,0,15.29514503,0,22.34369278,0,0,0,0,0,0,0,0,0,0,0,0,0,0,0,0,0,0,0,0,0,0,0
229455,0,0,0,22.44176865,0,0,0,0,0,0,12.74728012,0,0,0,0,0,0,0,0,0,0,0,0,0,0,9.53962326,0,0,0,0,0,10.30428314,12.48719025,0,0,0,0,0,0,0,0,0,0,0,0,0,0,0,0,0,0,0,0,0,0,0,0,0,0,0,0,0,13.53230572,0,0,0,0,0,0,0,0,0,0,20.7759819,0,0,0,0,0,0,0,0,0,0,0,0,0,0,0,0,0,0,0,22.31663322,0,0,0,0,0,0,0,0,15.27851009,0,22.47319794,0,0,0,0,0,0,0,0,0,0,0,0,0,0,0,0,0,0,0,0,0,0,0
265237,0,0,0,23.01974297,0,0,0,0,0,0,13.02303696,0,0,0,0,0,0,0,0,0,0,0,0,0,0,9.740996361,0,0,0,0,0,10.39458084,12.61352921,0,0,0,0,0,0,0,0,0,0,0,0,0,0,0,0,0,0,0,0,0,0,0,0,0,0,0,0,0,13.65721416,0,0,0,0,0,0,0,0,0,0,21.15435791,0,0,0,0,0,0,0,0,0,0,0,0,0,0,0,0,0,0,0,22.78467369,0,0,0,0,0,0,0,0,15.74066353,0,22.84677505,0,0,0,0,0,0,0,0,0,0,0,0,0,0,0,0,0,0,0,0,0,0,0
387447,0,0,0,22.26001358,0,0,0,0,0,0,12.64265442,0,0,0,0,0,0,0,0,0,0,0,0,0,0,9.451703072,0,0,0,0,0,10.26866341,12.4573555,0,0,0,0,0,0,0,0,0,0,0,0,0,0,0,0,0,0,0,0,0,0,0,0,0,0,0,0,0,13.32482815,0,0,0,0,0,0,0,0,0,0,20.69594383,0,0,0,0,0,0,0,0,0,0,0,0,0,0,0,0,0,0,0,22.20644569,0,0,0,0,0,0,0,0,15.16291809,0,22.41693115,0,0,0,0,0,0,0,0,0,0,0,0,0,0,0,0,0,0,0,0,0,0,0
441074,0,0,0,22.22568512,0,0,0,0,0,0,12.61873436,0,0,0,0,0,0,0,0,0,0,0,0,0,0,9.410015106,0,0,0,0,0,10.26138306,12.44059944,0,0,0,0,0,0,0,0,0,0,0,0,0,0,0,0,0,0,0,0,0,0,0,0,0,0,0,0,0,13.27902126,0,0,0,0,0,0,0,0,0,0,20.62246513,0,0,0,0,0,0,0,0,0,0,0,0,0,0,0,0,0,0,0,22.08858299,0,0,0,0,0,0,0,0,15.07682419,0,22.38332748,0,0,0,0,0,0,0,0,0,0,0,0,0,0,0,0,0,0,0,0,0,0,0
442428,0,0,0,23.33154488,0,0,0,0,0,0,13.21056366,0,0,0,0,0,0,0,0,0,0,0,0,0,0,9.870791435,0,0,0,0,0,10.46509266,12.79976845,0,0,0,0,0,0,0,0,0,0,0,0,0,0,0,0,0,0,0,0,0,0,0,0,0,0,0,0,0,13.66535854,0,0,0,0,0,0,0,0,0,0,21.63500786,0,0,0,0,0,0,0,0,0,0,0,0,0,0,0,0,0,0,0,23.08825302,0,0,0,0,0,0,0,0,15.92384338,0,23.23891068,0,0,0,0,0,0,0,0,0,0,0,0,0,0,0,0,0,0,0,0,0,0,0
442793,0,0,0,22.03985023,0,0,0,0,0,0,12.46447659,0,0,0,0,0,0,0,0,0,0,0,0,0,0,9.405328751,0,0,0,0,0,10.14865017,12.27535057,0,0,0,0,0,0,0,0,0,0,0,0,0,0,0,0,0,0,0,0,0,0,0,0,0,0,0,0,0,12.9886179,0,0,0,0,0,0,0,0,0,0,20.38408852,0,0,0,0,0,0,0,0,0,0,0,0,0,0,0,0,0,0,0,21.94965363,0,0,0,0,0,0,0,0,15.09509468,0,22.00751495,0,0,0,0,0,0,0,0,0,0,0,0,0,0,0,0,0,0,0,0,0,0,0
443586,0,0,0,21.88639832,0,0,0,0,0,0,12.46128464,0,0,0,0,0,0,0,0,0,0,0,0,0,0,9.420722961,0,0,0,0,0,10.03238869,12.23646736,0,0,0,0,0,0,0,0,0,0,0,0,0,0,0,0,0,0,0,0,0,0,0,0,0,0,0,0,0,12.91697216,0,0,0,0,0,0,0,0,0,0,20.15974236,0,0,0,0,0,0,0,0,0,0,0,0,0,0,0,0,0,0,0,21.79094315,0,0,0,0,0,0,0,0,14.98894978,0,21.74759674,0,0,0,0,0,0,0,0,0,0,0,0,0,0,0,0,0,0,0,0,0,0,0
444254,0,0,0,23.60943604,0,0,0,0,0,0,13.86435127,0,0,0,0,0,0,0,0,0,0,0,0,0,0,10.03399181,0,0,0,0,0,10.60168552,12.92934418,0,0,0,0,0,0,0,0,0,0,0,0,0,0,0,0,0,0,0,0,0,0,0,0,0,0,0,0,0,14.17989635,0,0,0,0,0,0,0,0,0,0,22.01738548,0,0,0,0,0,0,0,0,0,0,0,0,0,0,0,0,0,0,0,23.54661942,0,0,0,0,0,0,0,0,16.53595734,0,23.55165863,0,0,0,0,0,0,0,0,0,0,0,0,0,0,0,0,0,0,0,0,0,0,0
444732,0,0,0,22.06838989,0,0,0,0,0,0,12.53207397,0,0,0,0,0,0,0,0,0,0,0,0,0,0,9.406941414,0,0,0,0,0,10.16743279,12.32709312,0,0,0,0,0,0,0,0,0,0,0,0,0,0,0,0,0,0,0,0,0,0,0,0,0,0,0,0,0,13.20604038,0,0,0,0,0,0,0,0,0,0,20.50402832,0,0,0,0,0,0,0,0,0,0,0,0,0,0,0,0,0,0,0,22.06887627,0,0,0,0,0,0,0,0,15.10547066,0,22.17598724,0,0,0,0,0,0,0,0,0,0,0,0,0,0,0,0,0,0,0,0,0,0,0
444795,0,0,0,21.85783195,0,0,0,0,0,0,12.37762928,0,0,0,0,0,0,0,0,0,0,0,0,0,0,9.362205505,0,0,0,0,0,10.06806183,12.23357201,0,0,0,0,0,0,0,0,0,0,0,0,0,0,0,0,0,0,0,0,0,0,0,0,0,0,0,0,0,13.12122059,0,0,0,0,0,0,0,0,0,0,20.31194687,0,0,0,0,0,0,0,0,0,0,0,0,0,0,0,0,0,0,0,21.89105034,0,0,0,0,0,0,0,0,15.06966591,0,21.92329788,0,0,0,0,0,0,0,0,0,0,0,0,0,0,0,0,0,0,0,0,0,0,0
444796,0,0,0,24.0295639,0,0,0,0,0,0,13.94920158,0,0,0,0,0,0,0,0,0,0,0,0,0,0,10.03156757,0,0,0,0,0,10.79845428,13.02980423,0,0,0,0,0,0,0,0,0,0,0,0,0,0,0,0,0,0,0,0,0,0,0,0,0,0,0,0,0,14.13925266,0,0,0,0,0,0,0,0,0,0,22.27490425,0,0,0,0,0,0,0,0,0,0,0,0,0,0,0,0,0,0,0,23.88760948,0,0,0,0,0,0,0,0,16.74785423,0,23.83927536,0,0,0,0,0,0,0,0,0,0.016593335,0,0,0,0,0,0,0,0,0,0,0,0,0
444797,0,0,0,21.98598099,0,0,0,0,0,0,12.5229454,0,0,0,0,0,0,0,0,0,0,0,0,0,0,9.423365593,0,0,0,0,0,10.09975338,12.31760788,0,0,0,0,0,0,0,0,0,0,0,0,0,0,0,0,0,0,0,0,0,0,0,0,0,0,0,0,0,12.985816,0,0,0,0,0,0,0,0,0,0,20.28826904,0,0,0,0,0,0,0,0,0,0,0,0,0,0,0,0,0,0,0,21.86483192,0,0,0,0,0,0,0,0,15.01274967,0,21.90988159,0,0,0,0,0,0,0,0,0,0,0,0,0,0,0,0,0,0,0,0,0,0,0
445154,0,0,0,21.91884804,0,0,0,0,0,0,12.37704182,0,0,0,0,0,0,0,0,0,0,0,0,0,0,9.384980202,0,0,0,0,0,9.997667313,12.14516068,0,0,0,0,0,0,0,0,0,0,0,0,0,0,0,0,0,0,0,0,0,0,0,0,0,0,0,0,0,12.90888882,0,0,0,0,0,0,0,0,0,0,20.18068695,0,0,0,0,0,0,0,0,0,0,0,0,0,0,0,0,0,0,0,21.82965088,0,0,0,0,0,0,0,0,15.07126045,0,21.73122406,0,0,0,0,0,0,0,0,0,0,0,0,0,0,0,0,0,0,0,0,0,0,0
445434,0,0,0,24.02694321,0,0,0,0,0,0,13.81282234,0,0,0,0,0,0,0,0,0,0,0,0,0,0,10.0098362,0,0,0,0,0,10.78624058,12.98261642,0,0,0,0,0,0,0,0,0,0,0,0,0,0,0,0,0,0,0,0,0,0,0,0,0,0,0,0,0,14.27424145,0,0,0,0,0,0,0,0,0,0,22.11935806,0,0,0,0,0,0,0,0,0,0,0,0,0,0,0,0,0,0,0,23.87390137,0,0,0,0,0,0,0,0,16.65996552,0,23.98235321,0,0,0,0,0,0,0,0,0,0,0,0,0,0,0,0,0,0,0,0,0,0,0
445580,0,0,0,21.96809006,0,0,0,0,0,0,12.48411179,0,0,0,0,0,0,0,0,0,0,0,0,0,0,9.343852997,0,0,0,0,0,10.11549187,12.23313522,0,0,0,0,0,0,0,0,0,0,0,0,0,0,0,0,0,0,0,0,0,0,0,0,0,0,0,0,0,13.12501812,0,0,0,0,0,0,0,0,0,0,20.26543045,0,0,0,0,0,0,0,0,0,0,0,0,0,0,0,0,0,0,0,21.86230278,0,0,0,0,0,0,0,0,15.03308773,0,21.95513535,0,0,0,0,0,0,0,0,0,0,0,0,0,0,0,0,0,0,0,0,0,0,0
445639,0,0,0,21.75363731,0,0,0,0,0,0,12.29915333,0,0,0,0,0,0,0,0,0,0,0,0,0,0,9.237122536,0,0,0,0,0,9.955377579,12.12000656,0,0,0,0,0,0,0,0,0,0,0,0,0,0,0,0,0,0,0,0,0,0,0,0,0,0,0,0,0,12.81752682,0,0,0,0,0,0,0,0,0,0,19.98041344,0,0,0,0,0,0,0,0,0,0,0,0,0,0,0,0,0,0,0,21.63544655,0,0,0,0,0,0,0,0,14.91076756,0,21.61807251,0,0,0,0,0,0,0,0,0,0,0,0,0,0,0,0,0,0,0,0,0,0,0
445858,0,0,0,21.86334229,0,0,0,0,0,0,12.42903042,0,0,0,0,0,0,0,0,0,0,0,0,0,0,9.318729401,0,0,0,0,0,10.00933838,12.19322395,0,0,0,0,0,0,0,0,0,0,0,0,0,0,0,0,0,0,0,0,0,0,0,0,0,0,0,0,0,12.86018276,0,0,0,0,0,0,0,0,0,0,20.11643791,0,0,0,0,0,0,0,0,0,0,0,0,0,0,0,0,0,0,0,21.7573452,0,0,0,0,0,0,0,0,15.05307961,0,21.65451813,0,0,0,0,0,0,0,0,0,0,0,0,0,0,0,0,0,0,0,0,0,0,0
446220,0,0,0,22.19994926,0,0,0,0,0,0,12.6558466,0,0,0,0,0,0,0,0,0,0,0,0,0,0,9.509972572,0,0,0,0,0,10.27705574,12.44040108,0,0,0,0,0,0,0,0,0,0,0,0,0,0,0,0,0,0,0,0,0,0,0,0,0,0,0,0,0,13.31403255,0,0,0,0,0,0,0,0,0,0,20.55969048,0,0,0,0,0,0,0,0,0,0,0,0,0,0,0,0,0,0,0,22.10508537,0,0,0,0,0,0,0,0,15.07303619,0,22.30205917,0,0,0,0,0,0,0,0,0,0,0,0,0,0,0,0,0,0,0,0,0,0,0
448537,0,0,0,21.9309063,0,0,0,0,0,0,12.41123676,0,0,0,0,0,0,0,0,0,0,0,0,0,0,9.419435501,0,0,0,0,0,10.01673889,12.16960526,0,0,0,0,0,0,0,0,0,0,0,0,0,0,0,0,0,0,0,0,0,0,0,0,0,0,0,0,0,13.0306654,0,0,0,0,0,0,0,0,0,0,20.37087059,0,0,0,0,0,0,0,0,0,0,0,0,0,0,0,0,0,0,0,21.8728466,0,0,0,0,0,0,0,0,15.18288898,0,21.87664795,0,0,0,0,0,0,0,0,0,0,0,0,0,0,0,0,0,0,0,0,0,0,0
451668,0,0,0,22.19890022,0,0,0,0,0,0,12.56678581,0,0,0,0,0,0,0,0,0,0,0,0,0,0,9.417284966,0,0,0,0,0,10.23583794,12.30852699,0,0,0,0,0,0,0,0,0,0,0,0,0,0,0,0,0,0,0,0,0,0,0,0,0,0,0,0,0,13.10636425,0,0,0,0,0,0,0,0,0,0,20.43719482,0,0,0,0,0,0,0,0,0,0,0,0,0,0,0,0,0,0,0,22.13181114,0,0,0,0,0,0,0,0,15.10758018,0,22.13447952,0,0,0,0,0,0,0,0,0,0,0,0,0,0,0,0,0,0,0,0,0,0,0
452548,0,0,0,23.44637299,0,0,0,0,0,0,13.31869984,0.016797341,0,0,0,0,0,0,0,0,0,0,0,0,0,9.855016708,0,0,0,0,0,10.51928616,12.71372223,0,0,0,0,0,0,0,0,0,0,0,0,0,0,0,0,0,0,0,0,0,0,0,0,0,0,0,0,0,13.78366947,0,0,0,0,0,0,0,0,0,0,21.51958275,0,0,0,0,0,0,0,0,0,0,0,0,0,0,0,0,0,0,0,23.08974075,0,0,0,0,0,0,0,0,15.98515511,0,23.15739822,0,0,0,0,0,0,0,0,0,0,0,0,0,0,0,0,0,0,0,0,0,0,0
455658,0,0,0,23.3117218,0,0,0,0,0,0,12.98478889,0,0,0,0,0,0,0,0,0,0,0,0,0,0,9.918866158,0,0,0,0,0,10.49850941,12.51605225,0,0,0,0,0,0,0,0,0,0,0,0,0,0,0,0,0,0,0,0,0,0,0,0,0,0,0,0,0,13.61665249,0,0,0,0,0,0,0,0,0,0,21.46497536,0,0,0,0,0,0,0,0,0,0,0,0,0,0,0,0,0,0,0,22.88439941,0,0,0,0,0,0,0,0,15.79483414,0,23.1353035,0,0,0,0,0,0,0,0,0,0,0,0,0,0,0,0,0,0,0,0,0,0,0
460612,0,0,0,22.00383568,0,0,0,0,0,0,12.47496986,0,0,0,0,0,0,0,0,0,0,0,0,0,0,9.487405777,0,0,0,0,0,10.14616585,12.30369377,0,0,0,0,0,0,0,0,0,0,0,0,0,0,0,0,0,0,0,0,0,0,0,0,0,0,0,0,0,13.01978016,0,0,0,0,0,0,0,0,0,0,20.36124992,0,0,0,0,0,0,0,0,0,0,0,0,0,0,0,0,0,0,0,21.96291161,0,0,0,0,0,0,0,0,15.05388927,0,22.02795792,0,0,0,0,0,0,0,0,0,0,0,0,0,0,0,0,0,0,0,0,0,0,0
462382,0,0,0,22.53211212,0,0,0,0,0,0,12.77276993,0,0,0,0,0,0,0,0,0,0,0,0,0,0,9.542450905,0,0,0,0,0,10.34855938,12.52919579,0,0,0,0,0,0,0,0,0,0,0,0,0,0,0,0,0,0,0,0,0,0,0,0,0,0,0,0,0,13.55362034,0,0,0,0,0,0,0,0,0,0,20.87751007,0,0,0,0,0,0,0,0,0,0,0,0,0,0,0,0,0,0,0,22.43229866,0,0,0,0,0,0,0,0,15.33779144,0,22.55259705,0,0,0,0,0,0,0,0,0,0,0,0,0,0,0,0,0,0,0,0,0,0,0
638278,0,0,0,21.95042992,0,0,0,0,0,0,12.42961884,0,0,0,0,0,0,0,0,0,0,0,0,0,0,9.417598724,0,0,0,0,0,10.05032921,12.19232178,0,0,0,0,0,0,0,0,0,0,0,0,0,0,0,0,0,0,0,0,0,0,0,0,0,0,0,0,0,12.9807024,0,0,0,0,0,0,0,0,0,0,20.28731155,0,0,0,0,0,0,0,0,0,0,0,0,0,0,0,0,0,0,0,21.82592964,0,0,0,0,0,0,0,0,15.10527706,0,21.83691406,0,0,0,0,0,0,0,0,0,0,0,0,0,0,0,0,0,0,0,0,0,0,0
667639,0,0,0,21.95834351,0,0,0,0,0,0,12.40369606,0,0,0,0,0,0,0,0,0,0,0,0,0,0,9.404985428,0,0,0,0,0,10.06165695,12.17514038,0,0,0,0,0,0,0,0,0,0,0,0,0,0,0,0,0,0,0,0,0,0,0,0,0,0,0,0,0,12.95448017,0,0,0,0,0,0,0,0,0,0,20.29183388,0,0,0,0,0,0,0,0,0,0,0,0,0,0,0,0,0,0,0,21.93501472,0,0,0,0,0,0,0,0,15.147048,0,21.81468582,0,0,0,0,0,0,0,0,0,0,0,0,0,0,0,0,0,0,0,0,0,0,0
689043,0,0,0,21.92168045,0,0,0,0,0,0,12.49723911,0,0,0,0,0,0,0,0,0,0,0,0,0,0,9.42798996,0,0,0,0,0,10.02574253,12.25074196,0,0,0,0,0,0,0,0,0,0,0,0,0,0,0,0,0,0,0,0,0,0,0,0,0,0,0,0,0,12.93229008,0,0,0,0,0,0,0,0,0,0,20.20502853,0,0,0,0,0,0,0,0,0,0,0,0,0,0,0,0,0,0,0,21.76426888,0,0,0,0,0,0,0,0,15.03325748,0,21.74714279,0,0,0,0,0,0,0,0,0,0,0,0,0,0,0,0,0,0,0,0,0,0,0
737139,0,0,0,21.83832741,0,0,0,0,0,0,12.41571808,0,0,0,0,0,0,0,0,0,0,0,0,0,0,9.347200394,0,0,0,0,0,9.994521141,12.15368843,0,0,0,0,0,0,0,0,0,0,0,0,0,0,0,0,0,0,0,0,0,0,0,0,0,0,0,0,0,12.82974148,0,0,0,0,0,0,0,0,0,0,19.97433472,0,0,0,0,0,0,0,0,0,0,0,0,0,0,0,0,0,0,0,21.67139626,0,0,0,0,0,0,0,0,14.92151356,0,21.56639481,0,0,0,0,0,0,0,0,0,0,0,0,0,0,0,0,0,0,0,0,0,0,0
969516,0,0,0,22.11764908,0,0,0,0,0,0,12.54135513,0,0,0,0,0,0,0,0,0,0,0,0,0,0,9.386116982,0,0,0,0,0,10.21967411,12.36095047,0,0,0,0,0,0,0,0,0,0,0,0,0,0,0,0,0,0,0,0,0,0,0,0,0,0,0,0,0,13.18850613,0,0,0,0,0,0,0,0,0,0,20.56366348,0,0,0,0,0,0,0,0,0,0,0,0,0,0,0,0,0,0,0,22.12164307,0,0,0,0,0,0,0,0,15.17414188,0,22.23531342,0,0,0,0,0,0,0,0,0,0,0,0,0,0,0,0,0,0,0,0,0,0,0
2733526,0,0,0,22.12258911,0,0,0,0,0,0,12.48474789,0,0,0,0,0,0,0,0,0,0,0,0,0,0,9.447613716,0,0,0,0,0,10.11044788,12.25016403,0,0,0,0,0,0,0,0,0,0,0,0,0,0,0,0,0,0,0,0,0,0,0,0,0,0,0,0,0,13.12761402,0,0,0,0,0,0,0,0,0,0,20.44113541,0,0,0,0,0,0,0,0,0,0,0,0,0,0,0,0,0,0,0,22.02302742,0,0,0,0,0,0,0,0,15.11360264,0,22.07551956,0,0,0,0,0,0,0,0,0,0,0,0,0,0,0,0,0,0,0,0,0,0,0
3028194,0,0,0,21.51028061,0,0,0,0,0,0,12.15310669,0,0,0,0,0,0,0,0,0,0,0,0,0,0,9.194741249,0,0,0,0,0,9.829336166,11.91507149,0,0,0,0,0,0,0,0,0,0,0,0,0,0,0,0,0,0,0,0,0,0,0,0,0,0,0,0,0,12.73604679,0,0,0,0,0,0,0,0,0,0,19.57699776,0,0,0,0,0,0,0,0,0,0,0,0,0,0,0,0,0,0,0,21.41326332,0,0,0,0,0,0,0,0,14.71470356,0,21.25494385,0,0,0,0,0,0,0,0,0,0,0,0,0,0,0,0,0,0,0,0,0,0,0
5222465,0,0,0,21.84930038,0,0,0,0,0,0,12.41219616,0,0,0,0,0,0,0,0,0,0,0,0,0,0,9.318949699,0,0,0,0,0,9.937969208,12.12223816,0,0,0,0,0,0,0,0,0,0,0,0,0,0,0,0,0,0,0,0,0,0,0,0,0,0,0,0,0,12.83044147,0,0,0,0,0,0,0,0,0,0,19.98233414,0,0,0,0,0,0,0,0,0,0,0,0,0,0,0,0,0,0,0,21.70125008,0,0,0,0,0,0,0,0,14.94693279,0,21.57666779,0,0,0,0,0,0,0,0,0,0,0,0,0,0,0,0,0,0,0,0,0,0,0
5280343,0,0,0,22.09086037,0,0,0,0,0,0,12.47028065,0,0,0,0,0,0,0,0,0,0,0,0,0,0,9.460180283,0,0,0,0,0,10.13616276,12.21719933,0,0,0,0,0,0,0,0,0,0,0,0,0,0,0,0,0,0,0,0,0,0,0,0,0,0,0,0,0,13.04843616,0,0,0,0,0,0,0,0,0,0,20.40429878,0,0,0,0,0,0,0,0,0,0,0,0,0,0,0,0,0,0,0,22.06939888,0,0,0,0,0,0,0,0,15.16627693,0,21.99763107,0,0,0,0,0,0,0,0,0,0,0,0,0,0,0,0,0,0,0,0,0,0,0
5280445,0,0,0,22.07743645,0,0,0,0,0,0,12.41891956,0,0,0,0,0,0,0,0,0,0,0,0,0,0,9.466812134,0,0,0,0,0,10.13158131,12.1842823,0,0,0,0,0,0,0,0,0,0,0,0,0,0,0,0,0,0,0,0,0,0,0,0,0,0,0,0,0,13.04491711,0,0,0,0,0,0,0,0,0,0,20.39451218,0,0,0,0,0,0,0,0,0,0,0,0,0,0,0,0,0,0,0,22.0063343,0,0,0,0,0,0,0,0,15.14030361,0,21.99145889,0,0,0,0,0,0,0,0,0,0,0,0,0,0,0,0,0,0,0,0,0,0,0
5280448,0,0,0,22.03399658,0,0,0,0,0,0,12.39580536,0,0,0,0,0,0,0,0,0,0,0,0,0,0,9.419239044,0,0,0,0,0,10.0554533,12.18720818,0,0,0,0,0,0,0,0,0,0,0,0,0,0,0,0,0,0,0,0,0,0,0,0,0,0,0,0,0,12.94105625,0,0,0,0,0,0,0,0,0,0,20.30146408,0,0,0,0,0,0,0,0,0,0,0,0,0,0,0,0,0,0,0,21.91271782,0,0,0,0,0,0,0,0,15.1233778,0,21.85858154,0,0,0,0,0,0,0,0,0,0,0,0,0,0,0,0,0,0,0,0,0,0,0
5280453,0,0,0,22.65644836,0,0,0,0,0,0,12.77716637,0,0,0,0,0,0,0,0,0,0,0,0,0,0,9.569470406,0,0,0,0,0,10.26381207,12.4454422,0,0,0,0,0,0,0,0,0,0,0,0,0,0,0,0,0,0,0,0,0,0,0,0,0,0,0,0,0,13.6021719,0,0,0,0,0,0,0,0,0,0,20.83026505,0,0,0,0,0,0,0,0,0,0,0,0,0,0,0,0,0,0,0,22.43938255,0,0,0,0,0,0,0,0,15.5022049,0,22.49594116,0,0,0,0,0,0,0,0,0,0,0,0,0,0,0,0,0,0,0,0,0,0,0
5280795,0,0,0,22.26116943,0,0,0,0,0,0,12.60806656,0,0,0,0,0,0,0,0,0,0,0,0,0,0,9.44880867,0,0,0,0,0,10.22442627,12.44020081,0,0,0,0,0,0,0,0,0,0,0,0,0,0,0,0,0,0,0,0,0,0,0,0,0,0,0,0,0,13.37892628,0,0,0,0,0,0,0,0,0,0,20.63283157,0,0,0,0,0,0,0,0,0,0,0,0,0,0,0,0,0,0,0,22.18688774,0,0,0,0,0,0,0,0,15.24429131,0,22.23862076,0,0,0,0,0,0,0,0,0,0,0,0,0,0,0,0,0,0,0,0,0,0,0
5280896,0,0,0,21.98250771,0,0,0,0,0,0,12.47167492,0,0,0,0,0,0,0,0,0,0,0,0,0,0,9.396867752,0,0,0,0,0,10.13489628,12.2790966,0,0,0,0,0,0,0,0,0,0,0,0,0,0,0,0,0,0,0,0,0,0,0,0,0,0,0,0,0,13.1248827,0,0,0,0,0,0,0,0,0,0,20.32717323,0,0,0,0,0,0,0,0,0,0,0,0,0,0,0,0,0,0,0,21.93497276,0,0,0,0,0,0,0,0,15.02907085,0,22.0369606,0,0,0,0,0,0,0,0,0,0,0,0,0,0,0,0,0,0,0,0,0,0,0
5280961,0,0,0,22.02416039,0,0,0,0,0,0,12.40933418,0,0,0,0,0,0,0,0,0,0,0,0,0,0,9.454660416,0,0,0,0,0,10.08488178,12.18156624,0,0,0,0,0,0,0,0,0,0,0,0,0,0,0,0,0,0,0,0,0,0,0,0,0,0,0,0,0,12.98033237,0,0,0,0,0,0,0,0,0,0,20.35225677,0,0,0,0,0,0,0,0,0,0,0,0,0,0,0,0,0,0,0,21.98394966,0,0,0,0,0,0,0,0,15.18220329,0,21.88661957,0,0,0,0,0,0,0,0,0,0,0,0,0,0,0,0,0,0,0,0,0,0,0
5281004,0,0,0,22.8328476,0,0,0,0,0,0,12.84863091,0,0,0,0,0,0,0,0,0,0,0,0,0,0,9.663957596,0,0,0,0,0,10.40722561,12.57859421,0,0,0,0,0,0,0,0,0,0,0,0,0,0,0,0,0,0,0,0,0,0,0,0,0,0,0,0,0,13.61309528,0,0,0,0,0,0,0,0,0,0,20.93430328,0,0,0,0,0,0,0,0,0,0,0,0,0,0,0,0,0,0,0,22.57857895,0,0,0,0,0,0,0,0,15.42817593,0,22.734375,0,0,0,0,0,0,0,0,0,0,0,0,0,0,0,0,0,0,0,0,0,0,0
5281614,0,0,0,22.06933784,0,0,0,0,0,0,12.45872307,0,0,0,0,0,0,0,0,0,0,0,0,0,0,9.47320652,0,0,0,0,0,10.12329006,12.21665764,0,0,0,0,0,0,0,0,0,0,0,0,0,0,0,0,0,0,0,0,0,0,0,0,0,0,0,0,0,13.05417728,0,0,0,0,0,0,0,0,0,0,20.391119,0,0,0,0,0,0,0,0,0,0,0,0,0,0,0,0,0,0,0,22.04928398,0,0,0,0,0,0,0,0,15.14853382,0,21.98088455,0,0,0,0,0,0,0,0,0,0,0,0,0,0,0,0,0,0,0,0,0,0,0
5281708,0,0,0,21.96458244,0,0,0,0,0,0,12.39398479,0,0,0,0,0,0,0,0,0,0,0,0,0,0,9.416460991,0,0,0,0,0,10.03146744,12.15073776,0,0,0,0,0,0,0,0,0,0,0,0,0,0,0,0,0,0,0,0,0,0,0,0,0,0,0,0,0,12.9318037,0,0,0,0,0,0,0,0,0,0,20.23809052,0,0,0,0,0,0,0,0,0,0,0,0,0,0,0,0,0,0,0,21.87795448,0,0,0,0,0,0,0,0,15.12453651,0,21.76068497,0,0,0,0,0,0,0,0,0,0,0,0,0,0,0,0,0,0,0,0,0,0,0
5281811,0,0,0,22.07436943,0,0,0,0,0,0,12.47987747,0,0,0,0,0,0,0,0,0,0,0,0,0,0,9.472691536,0,0,0,0,0,10.14694881,12.24251556,0,0,0,0,0,0,0,0,0,0,0,0,0,0,0,0,0,0,0,0,0,0,0,0,0,0,0,0,0,13.03146076,0,0,0,0,0,0,0,0,0,0,20.350214,0,0,0,0,0,0,0,0,0,0,0,0,0,0,0,0,0,0,0,22.03377342,0,0,0,0,0,0,0,0,15.13668728,0,21.97808838,0,0,0,0,0,0,0,0,0,0,0,0,0,0,0,0,0,0,0,0,0,0,0
5281929,0,0,0,21.96324348,0,0,0,0,0,0,12.44501877,0,0,0,0,0,0,0,0,0,0,0,0,0,0,9.304811478,0,0,0,0,0,10.08297634,12.23893166,0,0,0,0,0,0,0,0,0,0,0,0,0,0,0,0,0,0,0,0,0,0,0,0,0,0,0,0,0,12.97880268,0,0,0,0,0,0,0,0,0,0,20.24315643,0,0,0,0,0,0,0,0,0,0,0,0,0,0,0,0,0,0,0,21.81411552,0,0,0,0,0,0,0,0,15.00558376,0,21.92472839,0,0,0,0,0,0,0,0,0,0,0,0,0,0,0,0,0,0,0,0,0,0,0
5282350,0,0,0,22.04873657,0,0,0,0,0,0,12.48527813,0,0,0,0,0,0,0,0,0,0,0,0,0,0,9.370498657,0,0,0,0,0,10.10209465,12.3591671,0,0,0,0,0,0,0,0,0,0,0,0,0,0,0,0,0,0,0,0,0,0,0,0,0,0,0,0,0,13.29140759,0,0,0,0,0,0,0,0,0,0,20.56480217,0,0,0,0,0,0,0,0,0,0,0,0,0,0,0,0,0,0,0,22.06361198,0,0,0,0,0,0,0,0,15.17571354,0,22.19794083,0,0,0,0,0,0,0,0,0,0,0,0,0,0,0,0,0,0,0,0,0,0,0
5283344,0,0,0,21.67426109,0,0,0,0,0,0,12.35313129,0,0,0,0,0,0,0,0,0,0,0,0,0,0,9.247980118,0,0,0,0,0,9.95006752,12.13817024,0,0,0,0,0,0,0,0,0,0,0,0,0,0,0,0,0,0,0,0,0,0,0,0,0,0,0,0,0,12.81843853,0,0,0,0,0,0,0,0,0,0,19.96310806,0,0,0,0,0,0,0,0,0,0,0,0,0,0,0,0,0,0,0,21.60090065,0,0,0,0,0,0,0,0,14.93085098,0,21.53342438,0,0,0,0,0,0,0,0,0,0,0,0,0,0,0,0,0,0,0,0,0,0,0
5284373,0,0,0,24.32932281,0,0,0,0,0,0,14.09538174,0,0,0,0,0,0,0,0,0,0,0,0,0,0,10.39060974,0,0,0,0,0,10.71269703,13.06355476,0,0,0,0,0,0,0,0,0,0,0,0,0,0,0,0,0,0,0,0,0,0,0,0,0,0,0,0,0,14.39360332,0,0,0,0,0,0,0,0,0,0,22.66202927,0,0,0,0,0,0,0,0,0,0,0,0,0,0,0,0,0,0,0,24.21893883,0,0,0,0,0,0,0,0,16.90965652,0,24.2963562,0,0,0,0,0,0,0,0,0,0,0,0,0,0,0,0,0,0,0,0,0,0,0
5284616,0,0,0,23.86826515,0,0,0,0,0,0,13.84179211,0,0,0,0,0,0,0,0,0,0,0,0,0,0,10.16171932,0,0,0,0,0,10.83663845,12.9897213,0,0,0,0,0,0,0,0,0,0,0,0,0,0,0,0,0,0,0,0,0,0,0,0,0,0,0,0,0,14.34543514,0,0,0,0,0,0,0,0,0,0,22.3054409,0,0,0,0,0,0,0,0,0,0,0,0,0,0,0,0,0,0,0,23.81359863,0,0,0,0,0,0,0,0,16.66062737,0,23.98775101,0,0,0,0,0,0,0,0,0,0,0,0,0,0,0,0,0,0,0,0,0,0,0
5288209,0,0,0,22.01760674,0,0,0,0,0,0,12.44486237,0,0,0,0,0,0,0,0,0,0,0,0,0,0,9.388461113,0,0,0,0,0,10.12755394,12.32341194,0,0,0,0,0,0,0,0,0,0,0,0,0,0,0,0,0,0,0,0,0,0,0,0,0,0,0,0,0,13.25831509,0,0,0,0,0,0,0,0,0,0,20.49952507,0,0,0,0,0,0,0,0,0,0,0,0,0,0,0,0,0,0,0,22.07708931,0,0,0,0,0,0,0,0,15.13037395,0,22.1352005,0,0,0,0,0,0,0,0,0,0,0,0,0,0,0,0,0,0,0,0,0,0,0
5288826,0,0,0,22.31242371,0,0,0,0,0,0,12.66749859,0,0,0,0,0,0,0,0,0,0,0,0,0,0,9.547398567,0,0,0,0,0,10.27595234,12.43651581,0,0,0,0,0,0,0,0,0,0,0,0,0,0,0,0,0,0,0,0,0,0,0,0,0,0,0,0,0,13.39915371,0,0,0,0,0,0,0,0,0,0,20.60688019,0,0,0,0,0,0,0,0,0,0,0,0,0,0,0,0,0,0,0,22.17288017,0,0,0,0,0,0,0,0,15.15974236,0,22.28900909,0,0,0,0,0,0,0,0,0,0,0,0,0,0,0,0,0,0,0,0,0,0,0
5310940,0,0,0,22.0275383,0,0,0,0,0,0,12.50095367,0,0,0,0,0,0,0,0,0,0,0,0,0,0,9.335625648,0,0,0,0,0,10.13131523,12.29625511,0,0,0,0,0,0,0,0,0,0,0,0,0,0,0,0,0,0,0,0,0,0,0,0,0,0,0,0,0,13.02378941,0,0,0,0,0,0,0,0,0,0,20.31720924,0,0,0,0,0,0,0,0,0,0,0,0,0,0,0,0,0,0,0,21.89251137,0,0,0,0,0,0,0,0,15.02114677,0,22.05118942,0,0,0,0,0,0,0,0,0,0,0,0,0,0,0,0,0,0,0,0,0,0,0
5318517,0,0,0,22.49382782,0,0,0,0,0,0,12.74660301,0,0,0,0,0,0,0,0,0,0,0,0,0,0,9.566326141,0,0,0,0,0,10.30322266,12.50759125,0,0,0,0,0,0,0,0,0,0,0,0,0,0,0,0,0,0,0,0,0,0,0,0,0,0,0,0,0,13.58456326,0,0,0,0,0,0,0,0,0,0,20.75725746,0,0,0,0,0,0,0,0,0,0,0,0,0,0,0,0,0,0,0,22.37011528,0,0,0,0,0,0,0,0,15.32596684,0,22.45105743,0,0,0,0,0,0,0,0,0,0,0,0,0,0,0,0,0,0,0,0,0,0,0
5329102,0,0,0,22.32544899,0,0,0,0,0,0,12.64807701,0,0,0,0,0,0,0,0,0,0,0,0,0,0,9.4995718,0,0,0,0,0,10.29090405,12.42678261,0,0,0,0,0,0,0,0,0,0,0,0,0,0,0,0,0,0,0,0,0,0,0,0,0,0,0,0,0,13.33417034,0,0,0,0,0,0,0,0,0,0,20.77420425,0,0,0,0,0,0,0,0,0,0,0,0,0,0,0,0,0,0,0,22.22625542,0,0,0,0,0,0,0,0,15.21447945,0,22.39876556,0,0,0,0,0,0,0,0,0,0,0,0,0,0,0,0,0,0,0,0,0,0,0
5352624,0,0,0,22.00516319,0,0,0,0,0,0,12.46251583,0,0,0,0,0,0,0,0,0,0,0,0,0,0,9.449217796,0,0,0,0,0,10.16339016,12.31013489,0,0,0,0,0,0,0,0,0,0,0,0,0,0,0,0,0,0,0,0,0,0,0,0,0,0,0,0,0,13.0648756,0,0,0,0,0,0,0,0,0,0,20.4176445,0,0,0,0,0,0,0,0,0,0,0,0,0,0,0,0,0,0,0,22.05284309,0,0,0,0,0,0,0,0,15.11727142,0,22.0328331,0,0,0,0,0,0,0,0,0,0,0,0,0,0,0,0,0,0,0,0,0,0,0
5359268,0,0,0,21.5059185,0,0,0,0,0,0,12.14971638,0,0,0,0,0,0,0,0,0,0,0,0,0,0,9.19545269,0,0,0,0,0,9.825048447,11.91453743,0,0,0,0,0,0,0,0,0,0,0,0,0,0,0,0,0,0,0,0,0,0,0,0,0,0,0,0,0,12.73668385,0,0,0,0,0,0,0,0,0,0,19.57778168,0,0,0,0,0,0,0,0,0,0,0,0,0,0,0,0,0,0,0,21.40300941,0,0,0,0,0,0,0,0,14.71191978,0,21.25469971,0,0,0,0,0,0,0,0,0,0,0,0,0,0,0,0,0,0,0,0,0,0,0
5459308,0,0,0,22.18298912,0,0,0,0,0,0,12.59960079,0,0,0,0,0,0,0,0,0,0,0,0,0,0,9.555707932,0,0,0,0,0,10.30754375,12.37333679,0,0,0,0,0,0,0,0,0,0,0,0,0,0,0,0,0,0,0,0,0,0,0,0,0,0,0,0,0,13.34264851,0,0,0,0,0,0,0,0,0,0,20.52530098,0,0,0,0,0,0,0,0,0,0,0,0,0,0,0,0,0,0,0,22.09638977,0,0,0,0,0,0,0,0,15.07765961,0,22.25268936,0,0,0,0,0,0,0,0,0,0,0,0,0,0,0,0,0,0,0,0,0,0,0
6440495,0,0,0,22.32211113,0,0,0,0,0,0,12.67654228,0,0,0,0,0,0,0,0,0,0,0,0,0,0,9.46717453,0,0,0,0,0,10.27479076,12.42232132,0,0,0,0,0,0,0,0,0,0,0,0,0,0,0,0,0,0,0,0,0,0,0,0,0,0,0,0,0,13.49221897,0,0,0,0,0,0,0,0,0,0,20.66987419,0,0,0,0,0,0,0,0,0,0,0,0,0,0,0,0,0,0,0,22.22003746,0,0,0,0,0,0,0,0,15.23653316,0,22.32849884,0,0,0,0,0,0,0,0,0,0,0,0,0,0,0,0,0,0,0,0,0,0,0
6442177,0,0,0,23.95005989,0,0,0,0,0,0,13.90449333,0,0,0,0,0,0,0,0,0,0,0,0,0,0,10.18898678,0,0,0,0,0,10.86045837,13.03793144,0,0,0,0,0,0,0,0,0,0,0,0,0,0,0,0,0,0,0,0,0,0,0,0,0,0,0,0,0,14.37489605,0,0,0,0,0,0,0,0,0,0,22.42375374,0,0,0,0,0,0,0,0,0,0,0,0,0,0,0,0,0,0,0,23.93121529,0,0,0,0,0,0,0,0,16.72152901,0,24.08788681,0,0,0,0,0,0,0,0,0,0,0,0,0,0,0,0,0,0,0,0,0,0,0
6918837,0,0,0,22.25491333,0,0,0,0,0,0,12.57501411,0,0,0,0,0,0,0,0,0,0,0,0,0,0,9.477570534,0,0,0,0,0,10.23246479,12.32810402,0,0,0,0,0,0,0,0,0,0,0,0,0,0,0,0,0,0,0,0,0,0,0,0,0,0,0,0,0,13.06233311,0,0,0,0,0,0,0,0,0,0,20.45612144,0,0,0,0,0,0,0,0,0,0,0,0,0,0,0,0,0,0,0,22.17058563,0,0,0,0,0,0,0,0,15.1362505,0,22.12465668,0,0,0,0,0,0,0,0,0,0,0,0,0,0,0,0,0,0,0,0,0,0,0
9547215,0,0,0,22.66955757,0,0,0,0,0,0,12.82454205,0,0,0,0,0,0,0,0,0,0,0,0,0,0,9.550613403,0,0,0,0,0,10.38268471,12.48581886,0,0,0,0,0,0,0,0,0,0,0,0,0,0,0,0,0,0,0,0,0,0,0,0,0,0,0,0,0,13.50051403,0,0,0,0,0,0,0,0,0,0,20.89779854,0,0,0,0,0,0,0,0,0,0,0,0,0,0,0,0,0,0,0,22.4245472,0,0,0,0,0,0,0,0,15.3278265,0,22.65158844,0,0,0,0,0,0,0,0,0,0,0,0,0,0,0,0,0,0,0,0,0,0,0
9576410,0,0,0,21.93982887,0,0,0,0,0,0,12.53249359,0,0,0,0,0,0,0,0,0,0,0,0,0,0,9.320851326,0,0,0,0,0,10.04704952,12.24206352,0,0,0,0,0,0,0,0,0,0,0,0,0,0,0,0,0,0,0,0,0,0,0,0,0,0,0,0,0,12.96228123,0,0,0,0,0,0,0,0,0,0,20.21973419,0,0,0,0,0,0,0,0,0,0,0,0,0,0,0,0,0,0,0,21.82226372,0,0,0,0,0,0,0,0,15.01390839,0,21.86001587,0,0,0,0,0,0,0,0,0,0,0,0,0,0,0,0,0,0,0,0,0,0,0
9804992,0,0,0,22.18598175,0,0,0,0,0,0,12.52827263,0,0,0,0,0,0,0,0,0,0,0,0,0,0,9.46067524,0,0,0,0,0,10.1806879,12.34062195,0,0,0,0,0,0,0,0,0,0,0,0,0,0,0,0,0,0,0,0,0,0,0,0,0,0,0,0,0,13.18827724,0,0,0,0,0,0,0,0,0,0,20.54852867,0,0,0,0,0,0,0,0,0,0,0,0,0,0,0,0,0,0,0,22.04006767,0,0,0,0,0,0,0,0,15.12393665,0,22.18859863,0,0,0,0,0,0,0,0,0,0,0,0,0,0,0,0,0,0,0,0,0,0,0
9898279,0,0,0,25.1882267,0,0,0,0,0,0,14.5476265,0,0,0,0,0,0,0,0,0,0,0,0,0,0,10.44487286,0,0,0,0,0,11.14053059,13.60360909,0,0,0,0,0,0,0,0,0,0,0,0,0,0,0,0,0,0,0,0,0,0,0,0,0,0,0,0,0,14.68012714,0,0,0,0,0,0,0,0,0,0,22.97964668,0,0,0,0,0,0,0,0,0,0,0,0,0,0,0,0,0,0,0,24.62190628,0,0,0,0,0,0,0,0,17.33494186,0,25.0496788,0,0,0,0,0,0,0,0,0,0,0,0,0,0,0,0,0,0,0,0,0,0,0
9949648,0,0,0,22.18934441,0,0,0,0,0,0,12.60687828,0,0,0,0,0,0,0,0,0,0,0,0,0,0,9.527908325,0,0,0,0,0,10.2611618,12.4073391,0,0,0,0,0,0,0,0,0,0,0,0,0,0,0,0,0,0,0,0,0,0,0,0,0,0,0,0,0,13.22300816,0,0,0,0,0,0,0,0,0,0,20.61356926,0,0,0,0,0,0,0,0,0,0,0,0,0,0,0,0,0,0,0,22.15093613,0,0,0,0,0,0,0,0,15.13362694,0,22.26425552,0,0,0,0,0,0,0,0,0,0,0,0,0,0,0,0,0,0,0,0,0,0,0
11953817,0,0,0,21.92482948,0,0,0,0,0,0,12.54757118,0,0,0,0,0,0,0,0,0,0,0,0,0,0,9.364578247,0,0,0,0,0,10.05335903,12.28010178,0,0,0,0,0,0,0,0,0,0,0,0,0,0,0,0,0,0,0,0,0,0,0,0,0,0,0,0,0,12.93480778,0,0,0,0,0,0,0,0,0,0,20.18429375,0,0,0,0,0,0,0,0,0,0,0,0,0,0,0,0,0,0,0,21.81069183,0,0,0,0,0,0,0,0,14.98283577,0,21.82223892,0,0,0,0,0,0,0,0,0,0,0,0,0,0,0,0,0,0,0,0,0,0,0
16078949,0,0,0,22.30257034,0,0,0,0,0,0,12.64424133,0,0,0,0,0,0,0,0,0,0,0,0,0,0,9.402780533,0,0,0,0,0,10.2589407,12.35149002,0,0,0,0,0,0,0,0,0,0,0,0,0,0,0,0,0,0,0,0,0,0,0,0,0,0,0,0,0,13.32687664,0,0,0,0,0,0,0,0,0,0,20.55327988,0,0,0,0,0,0,0,0,0,0,0,0,0,0,0,0,0,0,0,22.10138512,0,0,0,0,0,0,0,0,15.1400671,0,22.30738449,0,0,0,0,0,0,0,0,0,0,0,0,0,0,0,0,0,0,0,0,0,0,0
16132265,0,0,0,31.40586281,0,0,0,0,0,0,17.67621994,0,0,0,0.093354195,0,0,0,0,0,0,0,0,0,0,13.42727947,0,0,0,0,0,14.21218777,17.74415207,0,0,0,0,0,0,0,0,0,0,0,0,0,0,0,0,0,0,0,0,0,0,0,0,0,0,0,0,0,18.65826607,0,0,0,0,0,0,0,0,0,0,29.821455,0,0,0,0,0,0,0,0,0,0,0,0,0,0,0,0,0,0,0,31.41869736,0,0,0,0,0,0,0,0,21.95541954,0,32.51467514,0,0,0,0,0,0,0,0,0,0,0,0,0,0,0,0,0,0,0,0,0,0,0
21633059,0,0,0,23.03005981,0,0,0,0,0,0,13.04194641,0,0,0,0,0,0,0,0,0,0,0,0,0,0,9.700761795,0,0,0,0,0,10.47750473,12.61470795,0,0,0,0,0,0,0,0,0,0,0,0,0,0,0,0,0,0,0,0,0,0,0,0,0,0,0,0,0,13.64944553,0,0,0,0,0,0,0,0,0,0,21.09371567,0,0,0,0,0,0,0,0,0,0,0,0,0,0,0,0,0,0,0,22.77487183,0,0,0,0,0,0,0,0,15.63273621,0,22.84137344,0,0,0,0,0,0,0,0,0,0,0,0,0,0,0,0,0,0,0,0,0,0,0
42611257,0,0,0,22.4401989,0,0,0,0,0,0,12.72803307,0,0,0,0,0,0,0,0,0,0,0,0,0,0,9.55385685,0,0,0,0,0,10.29541111,12.47923088,0,0,0,0,0,0,0,0,0,0,0,0,0,0,0,0,0,0,0,0,0,0,0,0,0,0,0,0,0,13.44531918,0,0,0,0,0,0,0,0,0,0,20.92599487,0,0,0,0,0,0,0,0,0,0,0,0,0,0,0,0,0,0,0,22.3611393,0,0,0,0,0,0,0,0,15.3018055,0,22.54212952,0,0,0,0,0,0,0,0,0,0,0,0,0,0,0,0,0,0,0,0,0,0,0
46843772,0,0,0,22.32203865,0,0,0,0,0,0,12.62744331,0,0,0,0,0,0,0,0,0,0,0,0,0,0,9.569008827,0,0,0,0,0,10.33567333,12.44314384,0,0,0,0,0,0,0,0,0,0,0,0,0,0,0,0,0,0,0,0,0,0,0,0,0,0,0,0,0,13.34915447,0,0,0,0,0,0,0,0,0,0,20.72775841,0,0,0,0,0,0,0,0,0,0,0,0,0,0,0,0,0,0,0,22.25824928,0,0,0,0,0,0,0,0,15.19594479,0,22.40403366,0,0,0,0,0,0,0,0,0,0,0,0,0,0,0,0,0,0,0,0,0,0,0
54670067,0,0,0,22.01368523,0,0,0,0,0,0,12.53537464,0,0,0,0,0,0,0,0,0,0,0,0,0,0,9.316732407,0,0,0,0,0,10.10689449,12.33761215,0,0,0,0,0,0,0,0,0,0,0,0,0,0,0,0,0,0,0,0,0,0,0,0,0,0,0,0,0,12.96923923,0,0,0,0,0,0,0,0,0,0,20.27527046,0,0,0,0,0,0,0,0,0,0,0,0,0,0,0,0,0,0,0,21.89676857,0,0,0,0,0,0,0,0,14.9886198,0,21.98292542,0,0,0,0,0,0,0,0,0,0,0,0,0,0,0,0,0,0,0,0,0,0,0
54680783,0,0,0,22.09449196,0,0,0,0,0,0,12.57333946,0,0,0,0,0,0,0,0,0,0,0,0,0,0,9.402471542,0,0,0,0,0,10.20104122,12.34306145,0,0,0,0,0,0,0,0,0,0,0,0,0,0,0,0,0,0,0,0,0,0,0,0,0,0,0,0,0,13.21129513,0,0,0,0,0,0,0,0,0,0,20.36425209,0,0,0,0,0,0,0,0,0,0,0,0,0,0,0,0,0,0,0,21.97755623,0,0,0,0,0,0,0,0,15.02439213,0,22.13622284,0,0,0,0,0,0,0,0,0,0,0,0,0,0,0,0,0,0,0,0,0,0,0
56843276,0,0,0,32.07087708,0,0,0,0,0,0,18.11553574,0,0,0,0,0,0,0,0,0,0,0,0,0,0,13.69312572,0,0,0,0,0,14.46151447,17.76651001,0,0,0,0,0,0,0,0,0,0,0,0,0,0,0,0,0,0,0,0,0,0,0,0,0,0,0,0,0.031497531,18.78168869,0,0,0,0,0,0,0,0,0,0,29.91143608,0,0,0,0,0,0,0,0,0,0,0,0,0,0,0,0,0,0,0,31.99697304,0,0,0,0,0,0,0,0,22.41829109,0,32.79721451,0,0,0,0,0,0,0,0,0,0,0,0,0,0,0,0,0,0,0,0,0,0,0
